company,role,title,department,location,posting_date,remote_status,employment_type,apply_url,required_skills,description
PPG,Sales Representative,Sales Representative,,"Changsha, Hunan, China Architectural Coatings Category Sales",,,Full Time,https://careers.ppg.com/us/en/job/JR261065/Sales-Representative,"0-3年建材零售销售经验, 本科以上学历, 基础的英文使用, 能在一定程度压力下开展业务工作并实现销售增长目标, 可以接受出差","As a Sales Representative, you will be responsible for the retail operations of architectural coatings. You will report to Territory Sales Manager , and location is in Chang Sha."
PPG,Technical Service Representative,Technical Service Representative,s to resolve issues,"Samut Prakan, Thailand Industrial Coatings Category R",,On-Site,Full Time,https://careers.ppg.com/us/en/job/JR261850/Technical-Service-Representative,"Work collaboratively in a team environment., Experience interpreting and responding to customer questions and requests., Valid driver's license and own vehicle required.","You will provide technical support to customers, with a focus on new color trials, troubleshooting, and technical service support for motorcycle coatings. You will report directly to Technical Service Rep, Lead."
PPG,Energy Engineer Intern,Energy Engineer Intern,s,"Quattordio, Alessandria, Italy Operations Category Engineering, Quality Job Type Full time Job Id JR261861 Apply Now Save job Back to search results ENERGY ENGINEER - INTERNSHIP FUNDAMENTAL PURPOSE",,,Intern,https://careers.ppg.com/us/en/job/JR261861/Energy-Engineer-Intern,"Energy Engineering degree preferred, Waste management qualification, Autocad user, SUCCESS FACTORS, Prime Success Factors, Focus on results, Drive change, Promote teamwork., Individual Success Factors, Size up situations, Problem solving, Plan and organize, Communicate and share information., #EUTalentPPG",The Energy Engineer takes care of the management of the energy consumption of Quattordio plant and performs a recurring energy diagnostic analysis comparing consumption levels with production activity.
PPG,Spray Room Lab Technician,Spray Room Lab Technician,"s Retrieve, retain, and pull historical Panels when needed","Cleveland, Ohio, United States of America Operations Category Engineering, Quality Job Type Full time Job Id JR262301 Apply Now Save job Back to search results Under guidance, perform a variety of routine laboratory operations in a quality assurance or research setting",,,Full Time,https://careers.ppg.com/us/en/job/JR262301/Spray-Room-Lab-Technician,"Very desirable: IT networking and database knowledge and education., The base salary range for this position is $53,000.","Under guidance, perform a variety of routine laboratory operations in a quality assurance or research setting. Responsibilities usually consist of making measurements, performing several routine quantitative and qualitative biological or chemical analytical tests according to standard procedures. Assist higher level technicians in setup of laboratory equipment and in recording data for experiments and procedures. Requires knowledge in using various instruments to prepare for and perform tests. Perform routine and safety program checks and preventive maintenance on instruments."
PPG,"Technical Support Manager, PC","Technical Support Manager, PC",to provide technical support as needed,"Shanghai, Shanghai, China Protective and Marine Ctgs Category Sales",,,Full Time,https://careers.ppg.com/us/en/job/JR262894/Technical-Support-Manager-PC,"Bachelor's degree in chemical engineering or related field, Minimum 5 years working experience in technical support or similar role, Effective communication (both Chinese and English) and presentation skill is required, Industry background is required, such as coatings, equipment or similar knowledge of industry codes, Practices and certification of materials professional qualification such as AMPP, FROSIO or equivalent is preferred, Experience of wind power blade industry is preferred","Technical Support Manager, Protective Coatings, Central China will provide technical support to PC sales central China team. He or she will directly report to Technical Support Manager PC China, and will be based in Shanghai, Jiangsu, or Zhejiang."
PPG,Supply Planning Manager,Supply Planning Manager,,"Antioquia, Antioquia, Colombia Operations Category Supply Chain",,,Full Time,https://careers.ppg.com/us/en/job/JR262964/Supply-Planning-Manager,"Our employee benefits programs are designed to support the health and well-being of our employees. Any insurance coverages and benefits will be in accordance with the terms and conditions of the applicable plans and associated governing plan documents., Explore Location, Apply Now, Save job, Get notified for similar jobs, Sign up to receive job alerts, Enter Email address (Required), By checking this box, I consent to receive transactional and marketing text messages regarding employment opportunities., I have read and accept the privacy policy and terms of use. *, By checking this box, I agree to receive emails from PPG about employment opportunities. *","PROPÓSITO FUNDAMENTAL: Impulsar la excelencia en la gestión de la demanda y el abastecimiento, diseñando, desarrollando e implementando procesos, modelos y planes de acción que garanticen la disponibilidad óptima de productos y materias primas de FG. El rol lidera la optimización integral de la red de suministro, fortaleciendo la eficiencia, resiliencia y competitividad de la cadena mediante el diseño de procesos de planificación y la identificación, propuesta e implementación de soluciones tecnológicas de alto impacto. Su gestión asegura un flujo operacional robusto, alineado con las necesidades del negocio y orientado a un cumplimiento eficiente y oportuno de la demanda. RESPONSABILIDADES: Administrar un presupuesto de capital de trabajo superior a 10 MM USD. Liderar al equipo de Oferta en la Región Andina y garantizar la disponibilidad oportuna del producto. Asegurar que la información de suministro sea precisa y disponible, liderar la ejecución de acciones y cambios de prioridad provenientes de variaciones en el plan debido al mercado y la oferta limitada a través de los procesos de suministro. Suministrar información de acuerdo a los procesos de negocio. Asegurar la correcta ejecución del plan que se construyó con el resto de las áreas de la cadena de suministro. Ejecutar, sostener y mejorar continuamente la estrategia del Plan de Ventas y Operaciones de acuerdo con los lineamientos regionales y globales. Garantizar que el sistema de seguimiento y mediciones clave del rendimiento esté implementado y monitoreado constantemente para mejorar continuamente y aumentar la eficiencia. Integración y alineación regional de calendarios, procesos y herramientas de desarrollo de nuevos productos, ventas, marketing, finanzas, planificación de oferta y demanda. Gestionar la planificación de suministros basada en inventarios, planes de suministro globales, pronósticos de ventas y existencias de seguridad para garantizar un suministro fluido al negocio. Gestionar los inventarios comprados de FG y RM para la Región Andina para garantizar el cumplimiento de los requisitos comerciales y las políticas de inventario, y tratar los planes y prioridades para las diferentes funciones de la Cadena de Suministro; dando visibilidad y escalando el riesgo y las prioridades. Asegurar el estado del inventario, eliminar la obsolescencia y optimizar el WC de los productos adquiridos manteniendo al mismo tiempo el más alto nivel de servicio. Facilitar y asegurar los procesos de suministro, visibilidad y seguimiento de nuevos proyectos para garantizar el lanzamiento exitoso y oportuno de nuevos productos."
PPG,EHS Manager - Aerospace,EHS Manager - Aerospace,delivers the crystal,"Huntsville, Alabama, United States of America EHS / Product Stewardship Category Environmental, Health",,Onsite,Full Time,https://careers.ppg.com/us/en/job/JR263199/EHS-Manager-Aerospace,"Demonstrated experience using EHS metrics, performance dashboards, and trend analysis to identify risks and drive data‑driven decision‑making., Proficiency in EHS Management Systems and familiarity with digital reporting tools or enterprise EHS platforms., #LI-Onsite, PPG offers comprehensive benefits such as Health, Dental, Life, Retirement Plan, Paid Vacation and Holidays, Employee Assistance Program (EAP), Disability/Leave, and other Voluntary benefit offerings.","At PPG's Aerospace Transparencies facility in Huntsville, we don't just make windows—we shape the future of flight. Our team delivers the crystal‑clear, mission‑critical transparencies that protect pilots, enhance performance, and elevate the aviation experience for customers around the world. If you're driven by innovation, energized by complex manufacturing, and inspired by the idea of supporting aircraft that soar through the stratosphere, this is your opportunity to join a team where your impact is as bold and far‑reaching as the skies we help navigate."
PPG,REF Expert Field Trainer,REF Expert Field Trainer,,"Cheonan, Chungcheongnam-do, Korea, Republic of Automotive Refinish Category Sales",,,Full Time,https://careers.ppg.com/us/en/job/JR263338/REF-Expert-Field-Trainer,"Our employee benefits programs are designed to support the health and well-being of our employees. Any insurance coverages and benefits will be in accordance with the terms and conditions of the applicable plans and associated governing plan documents. Benefits will be discussed with you by your recruiter during the hiring process., PPG values your feedback on our recruiting process. We encourage you to visit Glassdoor.com and provide feedback on the process, so that we can do better today than yesterday., Explore Location, Apply Now, Save job, Get notified for similar jobs, Sign up to receive job alerts, Enter Email address (Required), By checking this box, I consent to receive transactional and marketing text messages regarding employment opportunities., I have read and accept the privacy policy and terms of use. *","Through leadership in innovation, sustainability and color, PPG helps customers in industrial, transportation, consumer products, and construction markets and aftermarkets to enhance more surfaces in more ways than does any other company. To learn more, visit www.ppg.com and follow @PPG on X."
PPG,Doradca Klienta (m/f/d),Doradca Klienta (m/f/d),,"Warszawa, Masovian, Poland Architectural EMEA Category Sales",,,Full Time,https://careers.ppg.com/us/en/job/JR263436/Doradca-Klienta-m-f-d,"Our employee benefits programs are designed to support the health and well-being of our employees. Any insurance coverages and benefits will be in accordance with the terms and conditions of the applicable plans and associated governing plan documents. Benefits will be discussed with you by your recruiter during the hiring process., PPG values your feedback on our recruiting process. We encourage you to visit Glassdoor.com and provide feedback on the process, so that we can do better today than yesterday., Explore Location, Apply Now, Save job, Get notified for similar jobs, Sign up to receive job alerts, Enter Email address (Required), By checking this box, I consent to receive transactional and marketing text messages regarding employment opportunities., I have read and accept the privacy policy and terms of use. *","Dołącz do naszego zespołu w wyjątkowym miejscu, gdzie kolor i design spotykają się z profesjonalizmem! W Sklepie PPG przy ul. Jana Kasprowicza w Warszawie pomagamy klientom tworzyć piękne wnętrza, doradzamy w wyborze kolorów i produktów, a także współpracujemy z architektami i dekoratorami. Jeśli masz zmysł estetyczny, lubisz kontakt z ludźmi i chcesz rozwijać się w branży dekoracyjnej – ta oferta jest dla Ciebie!"
PPG,Inventory Control Clerk,Inventory Control Clerk,"as an Inventory Coordinator on-site at the Strongsville, OH facility","Strongsville, Ohio, United States of America Automotive Refinish Category Supply Chain",,On-Site,Full Time,https://careers.ppg.com/us/en/job/JR264163/Inventory-Control-Clerk,"Oracle experience, Must be a U.S. Citizen","PPG is looking for a customer-focused individual to join the Refinish ColorIT Distribution Team as an Inventory Coordinator on-site at the Strongsville, OH facility. You will report to the Refinish Logistics and Distribution Manager and coordinate procurement and delivery of critical digital tools to support end-users of PPG Refinish products. You will contribute to target stocking levels, and make important decisions regarding quantity and timing for purchases from suppliers. This critical role helps to ensure new shops are converted and enables existing shops to return to operation quickly after equipment failure."
PPG,Territory Manager,Territory Manager,s,which allows us to compensate employees competitively in different geographic markets,,,Full Time,https://careers.ppg.com/us/en/job/JR2518870/Territory-Manager,"Sales experience is preferred, A strong emphasis on customer service is required, Proficiency in technical knowledge of refinish & Industrial paint products and application techniques is desirable, Having prior experience with competitor products can be advantageous, Possessing a trade qualification in spray painting and refinish industry is desirable. Additionally, having negotiation and presentation skills is important, What We Offer, Opportunities for development and long-term career progression, Access to corporate discounts, including WhereFit, that provide wellness benefits to our employees, Give back to local communities with our PPG Colourful communities program, PPG Recognition programs","PPG is an American Fortune 500 company and global supplier of paints, coatings, and specialty materials. We are currently seeking a Territory Manager to be based out of our Welshpool site. The successful candidate will be responsible for maximizing the sales and profitability of PPG Architectural Coatings products in the retail sector. By driving the expansion of key customers and identifying new business opportunities, you will contribute to the overall growth and profitability of PPG across its surrounding areas."
PPG,Account Manager,Account Manager,,"Jinan, Shandong, China Automotive OEM Coatings Category Sales",,,Full Time,https://careers.ppg.com/us/en/job/JR2519259/Account-Manager,"教育背景：统招本科及以上学历，化学、化工、材料学、高分子材料等相关专业。, 工作经验：具备5年以上涂料行业经验，了解涂料及销售模式，有涂料、油墨、胶粘剂等化工材料行业销售经验者优先。拥有商用车、客车、工程机械等制造行业客户资源或销售经验者高度优先。, 核心能力：出色的客户开发与关系管理能力：能独立开拓并维护大型企业客户，具备商务谈判技巧。技术理解力：能够理解产品技术要点，与客户技术、质量部门进行有效沟通。英语能力：具备简单的英语沟通能力，可阅读并撰写英文工作邮件，能看懂技术资料（TDS/MSDS等）。抗压与自驱力：能适应经常性出差，目标导向，在压力下保持高执行力。, 其他：持有C1驾照，能熟练驾驶车辆。",作为客户经理，你将会管理负责山东区域核心战略客户的全面维护与深度开发，重点服务中国重汽、中通客车、山东五征等主机厂及其关联体系客户。你将汇报给销售经理。你的工作地点将会在山东。
PPG,PMC - Key Account Manager - Egypt,PMC - Key Account Manager - Egypt,al teams to deliver exceptional customer service,"Cairo, Egypt Protective and Marine Ctgs Category Sales",,,Full Time,https://careers.ppg.com/us/en/job/JR262060/PMC-Key-Account-Manager-Egypt,"Our employee benefits programs are designed to support the health and well-being of our employees. Any insurance coverages and benefits will be in accordance with the terms and conditions of the applicable plans and associated governing plan documents. Benefits will be discussed with you by your recruiter during the hiring process., PPG values your feedback on our recruiting process. We encourage you to visit Glassdoor.com and provide feedback on the process, so that we can do better today than yesterday., Explore Location, Apply Now, Save job, Get notified for similar jobs, Sign up to receive job alerts, Enter Email address (Required), By checking this box, I consent to receive transactional and marketing text messages regarding employment opportunities., I have read and accept the privacy policy and terms of use. *",We are seeking an experienced Key Account Manager to drive business growth and manage key customer relationships across Egypt.
PPG,Attaché Technico-Commercial H/F,Attaché Technico-Commercial H/F,,"Guipavas, Finistere, France Architectural EMEA Category Sales",,,Full Time,https://careers.ppg.com/us/en/job/JR262145/Attaché-Technico-Commercial-H-F,"Diplômé(e) d’une formation avec une spécialité technique ou commerciale., Vous justifiez d’une expérience professionnelle réussie à un poste similaire, idéalement acquise dans le secteur de la distribution négoce auprès d’une clientèle de professionnels du second œuvre / du bâtiment., Vous aimez les challenges et êtes animé(e) par l’atteinte des résultats. Nous attendons de vous une aisance relationnelle et d’excellentes capacités de négociations commerciales !, Vous êtes reconnu(e) pour votre facilité à prioriser, gérer votre temps et vous êtes à l’aise avec les chiffres et les outils informatiques (Pack Office, CRM…), Ce que nous offrons, Rémunération : package salarial aligné sur l’expérience et les standards du marché, Salaire de base à partir de 30 000€ bruts (12 mois), Variable sur objectifs, Tickets Restaurants, Véhicule de fonction & Package Itinérant","Le Comptoir Seigneurie Gauthier (170 magasins, 1000 collaborateurs), réseau intégré du Groupe PPG, N°1 Français de la vente de peintures et de produits de décoration aux professionnels, renforce ses équipes et recrute pour le secteur de Brest avec des déplacements à prévoir dans un périmètre de 40-50km."
PPG,Finance and Accounting Intern,Finance and Accounting Intern,al teams to gather information and resolve queries,"Shah Alam, Selangor, Malaysia Finance Category HR, Corporate",,,Intern,https://careers.ppg.com/us/en/job/JR262189/Finance-and-Accounting-Intern,"Positive mindset, proactive, keen to learn and a strong team player.","We are looking for self-driven curious and detail-oriented Finance and Accounting Intern who is eager to learn practical knowledge. This role provides exposure to core finance operations including reconciliations, transaction processing, document management, and continuous process improvements."
PPG,Development Chemist Experienced (f/m/d),Development Chemist Experienced (f/m/d),,Wroc,,,Full Time,https://careers.ppg.com/us/en/job/JR262413/Development-Chemist-Experienced-f-m-d,"Our employee benefits programs are designed to support the health and well-being of our employees. Any insurance coverages and benefits will be in accordance with the terms and conditions of the applicable plans and associated governing plan documents. Benefits will be discussed with you by your recruiter during the hiring process., PPG values your feedback on our recruiting process. We encourage you to visit Glassdoor.com and provide feedback on the process, so that we can do better today than yesterday., Explore Location, Apply Now, Save job, Get notified for similar jobs, Sign up to receive job alerts, Enter Email address (Required), By checking this box, I consent to receive transactional and marketing text messages regarding employment opportunities., I have read and accept the privacy policy and terms of use. *","Chcesz tworzyć rozwiązania, które naprawdę zmieniają rynek? Dołącz do naszego działu S&T AC EMEA jako Development Chemist Experienced i wejdź do świata, w którym innowacje w chemii spotykają się z realnym wpływem na produkty używane każdego dnia."
PPG,Technical Service and Sales Representative,Technical Service and Sales Representative,"al teams to ensure successful projects and product launches by strengthening customer service and provide expert technical support, resolving issues promptly, and improving line performance","Petaling Jaya, Selangor, Malaysia Industrial Coatings Category R",,,Full Time,https://careers.ppg.com/us/en/job/JR262635/Technical-Service-and-Sales-Representative,"Diploma or higher in Chemical Engineering, Chemistry or equivalent, Minimum 4 years of working experience in coating business., Proficient in English, Effective problem solving and communication skills are required","You will drive business growth through customer development, internal coordination and competitive solutions. You will coordinate with cross‑functional teams to ensure successful projects and product launches by strengthening customer service and provide expert technical support, resolving issues promptly, and improving line performance. It's an exciting role that delivers accurate forecasts, monitor market trends and ensure full compliance with quality and EHS standards."
PPG,Technical Service Representative - Automotive Coatings,Technical Service Representative - Automotive Coatings,"at automotive production facilities by communicating cross-functionally to understand customer concerns, collecting data, and taking appropriate actions to help resolve customer issues","Warsaw, Indiana, United States of America Automotive OEM Coatings Category R",,Onsite,Full Time,https://careers.ppg.com/us/en/job/JR263623/Technical-Service-Representative-Automotive-Coatings,"Key Responsibilities, Support the ongoing activities of onsite PPG customer team at automotive production facilities by communicating cross-functionally to understand customer concerns, collecting data, and taking appropriate actions to help resolve customer issues., Ensure plant operations are functional and provide the customer with proactive support as needed., Communicate updates to PPG Technical and account management effectively and efficiently., Perform tasks at the direction of the PPG leadership while ensuring Health, Safety, and Environmental protocol is always followed., Provide resolutions to customer inquiries, application process monitoring, inventory monitoring, material ordering, and hands-on support, generating reports as necessary., Effectively explains complex ideas to both technical and non-technical audiences to ensure customer needs are met., Participate in weekly meetings with technical experts to review site projects and activity., Engage daily with customers to provide feedback from collected data; answer questions and provide recommendations as needed., Record weekly inventories and communicate status both externally and internally.","As a Technical Service Representative, you will represent PPG at customer facilities ensuring our Automotive Coatings customer satisfaction by providing outstanding customer service, focusing your concentration on Adhesives & Sealants, Pretreat, and Electrocoat control to customer specifications. You will be responsible for helping to achieve both customer and PPG goals, while participating in continuous improvement and problem-resolution activities with Plant Operations and Management!"
PPG,Global Technology Integration Senior Coordinator,Global Technology Integration Senior Coordinator,of the Senior Global Technology Integration Coordinator is to drive technology Integration activities for the Industrial Segment,"Cleveland, Ohio, United States of America Operations Category Engineering, Quality Job Type Full time Job Id JR264015 Apply Now Save job Back to search results Key Responsibilities The function of the Senior Global Technology Integration Coordinator is to drive technology Integration activities for the Industrial Segment",,,Full Time,https://careers.ppg.com/us/en/job/JR264015/Global-Technology-Integration-Senior-Coordinator,"Demonstrated technical expertise in product attributes and customer requirements. Possession of strong scientific knowledge, sound technical judgment and trained in the use of statistical tools like Six Sigma Greenbelt or the ability to obtain this training within six months after being hired. Demonstrated above average job performance and a proven track record of success in coatings related projects. Demonstrated capability in design of experiment (DoE) methodology, project management, data analysis, and basic financial and business case analysis are desired., Excellent interpersonal, written and verbal communication and presentation skills are required., Candidates must be fluent in English., This is a global position but based in the Americas. Ability to travel up to 30% of the time is expected., PPG offers excellent Medical, Dental, & Vision Benefits; matching 401k + retirement savings; and Paid Vacation, Holiday pay. The base salary for this position is between $88,500 and $118,000.","The function of the Senior Global Technology Integration Coordinator is to drive technology Integration activities for the Industrial Segment. The primary responsibility of this role is to lead the introduction of existing and new products from around the globe and inject them into new advanced manufacturing processes. Beyond the precise execution of these transfers, there is an additional responsibility to align global technical and operations processes to reduce cost and complexity and to optimize our manufacturing footprint. Projects include global technology transfers, process improvement, and complexity reduction."
PPG,"Workday Application Developer Specialist, HR IT","Workday Application Developer Specialist, HR IT",al/technical requirements and specifications,"Pittsburgh, Pennsylvania, United States of America Information Technology Category Digital",,Remote,Full Time,https://careers.ppg.com/us/en/job/JR264667/Workday-Application-Developer-Specialist-HR-IT,"Our employee benefits programs are designed to support the health and well-being of our employees. Any insurance coverages and benefits will be in accordance with the terms and conditions of the applicable plans and associated governing plan documents. Benefits will be discussed with you by your recruiter during the hiring process., PPG values your feedback on our recruiting process. We encourage you to visit Glassdoor.com and provide feedback on the process, so that we can do better today than yesterday., Explore Location, Apply Now, Save job, Get notified for similar jobs, Sign up to receive job alerts, Enter Email address (Required), By checking this box, I consent to receive transactional and marketing text messages regarding employment opportunities., I have read and accept the privacy policy and terms of use. *","WORKDAY APPLICATION DEVELOPER SPECIALIST, HR IT"
PPG,"S&T Intern, Analytical Science","S&T Intern, Analytical Science",", participate in analytical work and be a part of PPG","Tianjin, Tianjin, China Science",,,Intern,https://careers.ppg.com/us/en/job/JR2519096/S-T-Intern-Analytical-Science,"具备扎实的分析化学、有机化学等专业知识，动手能力强，实验操作严谨细致。对工作高度负责，具备良好的安全意识。, Basic English reading proficiency to use technical documentation., 具备基础的英文阅读能力以查阅技术资料。, A collaborative mindset., 具备良好的团队合作精神, Strong logical thinking; enthusiasm for exploring new technologies and willingness to take on challenges., 具备良好的逻辑思维能力和问题解决技巧，热爱探索新技术，勇于接受挑战。, Experience with data batch-processing tools (e.g., Excel, Python, R, or similar) is preferred., 善于使用数据批量处理工具者优先。, Available for an internship duration of 6 months or longer (4-5 days/week) is preferred.","As an S&T Intern, Analytical Science, you will join our GCIC (Global Coating Innovation Center) Analytical lab team, participate in analytical work and be a part of PPG's business. You will report to S&T Research Assistant Manager. Your working location will be in Tianjin."
PPG,Lab Technician,Lab Technician,Lead,"Oak Creek, Wisconsin, United States of America Science",,Onsite,Full Time,https://careers.ppg.com/us/en/job/JR2519179/Lab-Technician,"You will work onsite at our Oak Creek, WI facility and report to the General Finishes Team Lead., PPG offers excellent Medical, Dental, & Vision Benefits; matching 401k + retirement savings; and Paid Vacation, Holiday pay., Key Responsibilities, Follow all PPG EH&S and safety guidelines., Preparation and application of liquid coating products and testing of these coatings against different specifications and customer requirements., Independently plan tasks following a discussion of goals and procedures with the supervisor., Observe unusual results and suggest possible root causes., Make smooth transitions between projects or situations., Build on past experiences to improve efficiency., Seek additional assignments.","As a General Finishes Lab Technician, you will provide different technical activities to support professional engineering and scientific activities. As an experienced lab technician, you will work independently or in concert with chemists and professional engineers or project leaders to plan, construct, test and document assignments involving the use of learned skills in a particular field of engineering or science. Ideally, experienced lab technicians are expected to operate with minimal supervision and independently plan and execute all aspects of an experiment following a discussion with the supervisor."
PPG,Digital Adoption and Workplace Experience Product Owner Lead,Digital Adoption and Workplace Experience Product Owner Lead,across the enterprise,"Pittsburgh, Pennsylvania, United States of America Information Technology Category Digital",,,Full Time,https://careers.ppg.com/us/en/job/JR261008/Digital-Adoption-and-Workplace-Experience-Product-Owner-Lead,"Bachelor's degree in information technology, Computer Science or a related field., 6+ years of experience in IT, digital workplace, product ownership, or digital adoption roles., 4+ years of people management experience leading teams or functional groups.","PPG is hiring a Digital Adoption and Workplace Experience Product Owner Lead to join our Digital team! The Digital Adoption & Workplace Experience Product Owner Lead is an experienced leader within the IT Change Management & Communications organization. You will have end-to-end accountability for the enterprise adoption roadmap. You will also be responsible for Copilot implementations and training. Additionally, you will define and governs the emerging Copilot Agents ecosystem. This includes shaping how we structure, govern, and scale this new area across the enterprise. You will operate at the intersection of product ownership, technical understanding of platforms, digital adoption, and enterprise change leadership."
PPG,"Senior Quality Engineer, Military","Senior Quality Engineer, Military",al teams and customers to meet quality expectations and support audits or reviews,"Sylmar, California, United States of America Aerospace Products Category Engineering, Quality Job Type Full time Job Id JR261837 Apply Now Save job Back to search results As a Senior Quality Engineer within PPG",,Onsite,Full Time,https://careers.ppg.com/us/en/job/JR261837/Senior-Quality-Engineer-Military,"Bachelor's degree in Engineering, Science, or a related technical discipline., 5+ years of relevant experience in quality, manufacturing, or engineering roles., Experience with AS9100, FAA regulations, and core quality engineering tools (RCCA, SPC, MSA)., Demonstrated experience conducting technical reviews, interpreting engineering drawings, and managing configuration control., Experience analyzing process variation, interpret metrics, and apply data-driven methods to improve quality performance., Only U.S. Citizens, Green Card holders, and political asylees or refuges are eligible to apply., You must have or be eligible to obtain security clearance., Familiarity with aerospace transparency materials and associated optical performance standards preferred., Professional certifications such as CQE, AS9102, Six Sigma Green Belt/Black Belt, or equivalent preferred., Knowledge of FAA PMA processes, OEM quality/engineering flow-down requirements, or aircraft certification practices preferred.","As a Senior Quality Engineer within PPG's Aerospace Business, you will help support the design, production, and sustainment of advanced aerospace transparency products—including windshields, windows, and canopies. You will work with directly with military programs."
PPG,Key Account Manager,Key Account Manager,"al managers to identify business opportunities, nurture customer relationships, and support marketing plan initiatives","Taikoo Shing, Hong Kong Island, Hong Kong Protective and Marine Ctgs Category Sales",,,Full Time,https://careers.ppg.com/us/en/job/JR262040/Key-Account-Manager,"Our employee benefits programs are designed to support the health and well-being of our employees. Any insurance coverages and benefits will be in accordance with the terms and conditions of the applicable plans and associated governing plan documents. Benefits will be discussed with you by your recruiter during the hiring process., PPG values your feedback on our recruiting process. We encourage you to visit Glassdoor.com and provide feedback on the process, so that we can do better today than yesterday., Explore Location, Apply Now, Save job, Get notified for similar jobs, Sign up to receive job alerts, Enter Email address (Required), By checking this box, I consent to receive transactional and marketing text messages regarding employment opportunities., I have read and accept the privacy policy and terms of use. *","Through leadership in innovation, sustainability and color, PPG helps customers in industrial, transportation, consumer products, and construction markets and aftermarkets to enhance more surfaces in more ways than does any other company. To learn more, visit www.ppg.com and follow @PPG on X."
PPG,Digital Product Management,Digital Product Management,is leading PPG and the coatings industry through an evolution in PPG,"Pittsburgh, Pennsylvania, United States of America Digital Category Digital",,Hybrid,Full Time,https://careers.ppg.com/us/en/job/JR262223/Digital-Product-Management,"2–5 years of experience in product management, product ownership, business analysis (BA), or software development roles. Alternatively, you may have 2-5 years of experience in mechanical product design or engineering roles, with experience in the CAD software ecosystem., Bachelor's degree in Computer Science, Software Engineering, Information Systems, or related field, Exposure to software development or digital product teams (agile or hybrid environments), Demonstrated curiosity and willingness to learn complex domains (engineering workflows, materials, chemistry), #LI-Hybrid",PPG's Digital team is leading PPG and the coatings industry through an evolution in PPG's business strategies and structure - to capture opportunities enabled by digital technologies and provide amazing customer experiences while unlocking new revenue streams and reaching new customers.
PPG,Colour Administrator Leader,Colour Administrator Leader,"and be responsible for initiating, prioritising, and finalising jobs through the Clayton Colour Lab","Clayton, Victoria, Australia Science",,,Full Time,https://careers.ppg.com/us/en/job/JR262340/Colour-Administrator-Leader,"Strong attention to detail and accuracy, with a demonstrated ability to manage multiple tasks and priorities in a fast-paced environment., Knowledge of automotive refinish paint systems and color matching processes is preferred., Ability to work independently as well as part of a team, with a proactive and problem-solving mindset., Flexibility to adapt to changing priorities and business needs, with a commitment to continuous learning and improvement., What We Offer, Opportunities for development and long-term career progression., Performance based incentive schemes., Access to corporate discounts, including WhereFit, that provide wellness benefits to our employees., Give back to local communities with our PPG Colourful communities program., PPG Recognition programs.","At PPG, we protect and beautify the world. As a global leader in paints, coatings, and materials, we’re proud to deliver innovation and performance that help our customers make their mark. Our specialist Refinish business supports a range of industries, including Automotive, Commercial Transport, Defence and Light Industrial, throughout Australia and New Zealand."
PPG,Sales Assistant,Sales Assistant,,"Edinburgh, Midlothian, United Kingdom Architectural EMEA Category Sales",,,Full Time,https://careers.ppg.com/us/en/job/JR262366/Sales-Assistant,"Previous experience in a customer facing environment is desirable, Good communications skills with a positive customer focusses attitude, Good understanding of IT systems, Flexibility towards working hours and duties, Driving license in desirable but not essential, At PPG, we use AI in the hiring process to make it more efficient. AI tools do not make hiring decisions. You can learn more by visiting https://careers.ppg.com/us/en/candidate-resources., #WeAreHiringPPGUK",Edinburgh (Peffer Place) Johnstone’s Decorating Centre
PPG,Quality Engineer,Quality Engineer,s to determine cause and develop corrective actions to prevent future reoccurrences,"New Albany, Ohio, United States of America Automotive Refinish Category Engineering, Quality Job Type Full time Job Id JR263629 Apply Now Save job Back to search results As a Quality Engineer you will report to the Global Quality Director of PPG Advanced Surface Technologies",,Onsite,Full Time,https://careers.ppg.com/us/en/job/JR263629/Quality-Engineer,"Bachelor's degree in engineering or related field, Minimum of 3 years of experience within a technical quality field or an equivalent environment., Certified Lead Auditor for ISO-9001 or IATF-16949., Expert in the use of AIAG Core Tools, (APQP, FMEA, Control Plan, SPC, PPAP), Experience in Tier 1/OEM automotive industry., Certified Quality Engineer (CQE) or Certified Quality Auditor (CQA)., Experience with Lean and other CI methodologies., Domestic and international travel required up to 20%, #LI-Onsite, #LI-PRT1","As a Quality Engineer you will report to the Global Quality Director of PPG Advanced Surface Technologies. Main aspects of the role include improving and implementing business processes, investigating quality problems discovered by customers and lead problem solving teams to determine cause and develop corrective actions to prevent future reoccurrences. You will also develop and implement quality methodologies to transform the workspace from a reactionary organization to an organization. PPG Advanced Surface Technologies designs, produces and commercialize different film technologies including paint protection films and paint films for different uses including Automotive OEM and Automotive aftermarket applications."
PPG,Production Operator (Rotational Shifts),Production Operator (Rotational Shifts),,"Monroeville, Pennsylvania, United States of America Operations Category Manufacturing Job Type Full time Job Id JR264337 Apply Now Save job Back to search results As a Production Operator (Rotational Shifts) at PPG",,Onsite,Full Time,https://careers.ppg.com/us/en/job/JR264337/Production-Operator-Rotational-Shifts,"Strong problem solving, initiative, and knowledge of PC applications., Ability to lift up to 50 pounds on a consistent basis throughout the day., Must be able to stand, bend, crouch, kneel throughout the day, use basic tools, operate a Forklift or ability to learn to do so, and climb ladders to reach equipment/parts/storage., Ability to work overtime as needed.","As a Production Operator (Rotational Shifts) at PPG's Monroeville Research & Development, you will be a crucial part of our Specialty Synthesis Group (SSG) operations. You will be responsible for process development and manufacturing of photochromic dyes, OLED (Organic Light Emitting Diode) materials and optical coatings, ensuring that a quality product is available to our customers when they need them. Your work will directly affect people's lives!"
PPG,Account Manager,Account Manager,", you will report to the Residential Sales Manager and the role will be based on the Gold Coast","Morningside, Queensland, Australia Architectural Coatings Category Sales",,,Full Time,https://careers.ppg.com/us/en/job/JR2517477/Account-Manager,"You will be open, honest and be authentic in your dealings, A proven record in building new relationships, or accounts and growing existing business, Current Driver’s license, What We Offer, Opportunities for development and long-term career progression., Access to corporate discounts, including WhereFit, that provide wellness benefits to our employees., Give back to local communities with our PPG Colourful communities program., PPG Recognition programs., Generous discounts on PPG products through our company owned store network., If you are someone who wants to lead change and enjoys working with a team, apply today!","PPG is an American Fortune 500 company and global supplier of paints, coatings, and specialty materials. We are currently seeking an Account Manager to join our Residential team."
PPG,"Manager, National Accounting Sweden, Finland & Norway","Manager, National Accounting Sweden, Finland & Norway",", ensuring adherence to local regulations and US GAAP standards","Stockholm, Stockholm County, Sweden Finance Category Accounting",,,Full Time,https://careers.ppg.com/us/en/job/JR2518674/Manager-National-Accounting-Sweden-Finland-Norway,"Minimum 4–5 years in finance, including tax and general accounting., Experience in statutory accounting, tax compliance, and audit coordination., Degree in Accounting, Finance, or Business Administration (advanced degree or professional qualification is an advantage)., Fluent in Swedish and English, both written and spoken, with the ability to conduct business communication on a daily professional level., Be in the office in Stockholm at least 3 days per week., Good to have, Leadership experience, 2 or more years of experience in a Big Four company, Knowledge of Microsoft Dynamics Ax or SAP, #LI-PRT1","As a Manager, National Accounting Sweden, Finland & Norway, you will lead statutory accounting and tax compliance for all entities in own responsibility area, ensuring adherence to local regulations and US GAAP standards. You will be the main contact for external auditors and tax authorities, while supporting PPG EMEA functions such as Tax, Treasury and Controllership."
PPG,Engineering and Construction Project Analyst,Engineering and Construction Project Analyst,"s You will ensure compliance with STPS regulations, internal standards, Civil Protection, Asset Security, Environmental, Safety, Health, and Hygiene requirements You will support Internal customers","Tultitlan, M",,Onsite,Full Time,https://careers.ppg.com/us/en/job/JR261056/Engineering-and-Construction-Project-Analyst,"English: Ability to understand technical documents, You will have benefits: Health Insurance, Life Insurance.","As an Engineering and construction project analyst you will support the planning, execution, and follow-up of projects related to infrastructure, maintenance, productivity, and regulatory compliance within the Distribution Centers."
PPG,Taubmans Sales Assistant,Taubmans Sales Assistant,on a full-time basis at the Taubman,"Wetherill Park, New South Wales, Australia Architectural Coatings Category Sales",,,Full Time,https://careers.ppg.com/us/en/job/JR261740/Taubmans-Sales-Assistant,"You will have the flexibility to work on a 38-hour roster between the hours of 6:30 am – 4:30 pm Monday to Friday, with the occasional Saturday shift, You will be comfortable with manual handling as part of your normal day. For example - lifting heavy paint tins, pushing and pulling trolleys, using pallet jacks, standing for long periods, kneeling, loading the ute for paint deliveries, and doing the delivery and unloading on the other side, A valid driver's license is essential, Paint experience is not essential - training is provided, What We Offer, Opportunities for development and long-term career progression., Incentive bonuses based on store performance, Access to corporate discounts, including WhereFit, that provide wellness benefits to our employees, Give back to local communities with our PPG Colourful communities program., PPG Recognition programs",Are you passionate about customer service? Would you like to work in a colourful and inspiring workplace?
PPG,Global Product Owner,Global Product Owner,", providing oversight into frontline support, global adoption, user satisfaction, and continuous improvement","Pittsburgh, Pennsylvania, United States of America Corp Purchasing/Distribution Category Supply Chain",,,Full Time,https://careers.ppg.com/us/en/job/JR263404/Global-Product-Owner,"Bachelor’s degree in Business, Supply Chain, Information Systems, or related field (Master’s preferred)., 5+ years of experience in product management, product analyst, or equivalent product roles., Strong understanding of Procure-to-Pay (P2P), Source-to-Contract (S2C), and Supplier, Management processes., Experience with Jaggaer, Coupa, Ariba procurement platforms, or ERP systems preferred., Demonstrated success working in Agile environments., Global Product Owner will assume responsibility for Jaggaer ePro and Air Freight tools. Role will manage the 5 members of the Global Support team and will report directly to me.","The Global Product Owner is responsible for defining and driving the strategic direction, roadmap, and operational excellence of PPG’s Jaggaer ePro and Air Freight products. This role ensures each product delivers measurable business value, aligns with Procurement’s global strategies, and maintains stable, high‑quality operations. The Product Owner also leads the Global Support Team, providing oversight into frontline support, global adoption, user satisfaction, and continuous improvement. Responsibilities"
PPG,Territory Manager Trade Direct,Territory Manager Trade Direct,s will be Nottingham/Sheffield/Derby and Lincoln,"Batley, West Yorkshire, United Kingdom Architectural EMEA Category Sales",,,Full Time,https://careers.ppg.com/us/en/job/JR264094/Territory-Manager-Trade-Direct,"PC literate and numerate, with high attention to detail, Strong commercial awareness and the ability to manage and deliver sales and margin budgets, Intelligent, personable and articulate with strong interpersonal skills, Strong analytical ability and high levels of numeracy, Highly organised, self-managed and self-motivated, Ability to work effectively in a large cross functional team, Strong team player, capable of managing multiple challenges, Full driving licence and willingness to travel within the UK, #WeAreHiringPPGUK",Field Based - Nottingham/Sheffield/Derby/Lincoln
PPG,"Color Technologist, Entry Level","Color Technologist, Entry Level","Manager, will prepare color samples for evaluation and formulation in support of the Auto Tiers team","Oak Creek, Wisconsin, United States of America Science",,Onsite,Full Time,https://careers.ppg.com/us/en/job/JR264799/Color-Technologist-Entry-Level,"Bachelor's degree in Science or related field and/or equivalent combination of education and/or experience in a related field., 1+ years of color experience, Must pass a color-blindness test., #LI-onsite","The Automotive Parts and Accessories organization with PPG has an excellent opportunity to join its team! The Color Technologist, Entry Level reporting to the Color Team Manager, will prepare color samples for evaluation and formulation in support of the Auto Tiers team. Primary duties include mixing wet paint, spraying paint samples, testing and adjusting color samples, and learning the methodology and art of color formulation. Are you a strong collaborator with initiative and curiosity about starting a career in color? Apply today!"
PPG,Sales Assistant w/Driving,Sales Assistant w/Driving,,"Slough, Berkshire, United Kingdom Architectural EMEA Category Sales",,,Full Time,https://careers.ppg.com/us/en/job/JR265171/Sales-Assistant-w-Driving,"Previous experience in a customer facing environment is desirable, Good communications skills with a positive customer focusses attitude, Good understanding of IT systems, Flexibility towards working hours and duties, Driving license is ESSENTIAL, #WeAreHiringPPGUK","We now have an exciting, permanent vacancy for a Sales Assistant within our Architectural Coatings division. We’re looking for a customer focused individual to become a key member of our friendly and supportive team. Previous experience in a customer facing environment and a good understanding of IT systems is desirable, but not essential, as we will support you all along the way with in-store training."
PPG,Store Manager - Hove,Store Manager - Hove,,"Hove, East Sussex, United Kingdom Architectural EMEA Category Sales",,,Full Time,https://careers.ppg.com/us/en/job/JR265173/Store-Manager-Hove,"Demonstrates the ability to stay calm and composed when dealing with difficult situations., Flexibility in attitude towards both working hours and duties, providing cover for the other Decorating Centres in the Zone as required., #WeAreHiringPPGUK","As a Store Operations Manager within our Johnstone's Decorating Centre, you will lead from the front. With responsibility for driving and growing sales, you will ensure that all operating standards achieve the expected level of excellence."
PPG,Sales Assistant - Part time,Sales Assistant - Part time,based in the Bristol Paints Capalaba store on a part-time basis,"Capalaba, Queensland, Australia Architectural Coatings Category Sales",,,Part Time,https://careers.ppg.com/us/en/job/JR26733/Sales-Assistant-Part-time,"The roster will alternate between Monday to Friday one week, and Tuesday to Saturday the next week., You will be comfortable with manual handling as part of your normal day. For example - lifting heavy paint tins (up to 32 kgs), pushing and pulling trolleys, using pallet jacks, standing for long periods, kneeling, loading the ute for paint deliveries, and doing the delivery and unloading on the other side., A valid driver's license is essential., Paint experience is not essential - training is provided., Forklift license will be highly regarded, but not essential., What We Offer, Opportunities for development and long-term career progression, Performance based incentive programs, Access to corporate discounts, including WhereFit, that provide wellness benefits to our employees, Give back to local communities with our PPG Colourful communities program",Are you passionate about customer service? Would you like to work in a colorful and inspiring workplace? We are looking for a dedicated and dynamic Sales Assistant to join our team based in the Bristol Paints Capalaba store on a part-time basis.
PPG,Plant Manager,Plant Manager,s,"Kansas City, Kansas, United States of America Operations Category Manufacturing Job Type Full time Job Id JR2515831 Apply Now Save job Back to search results As the Plant Manager, you will oversee all operations of the plant, ensuring efficient production, compliance with industry standards and plant-wide safety, quality, delivery, and cost goals",,On-Site,Full Time,https://careers.ppg.com/us/en/job/JR2515831/Plant-Manager,"Bachelor's degree in Engineering, Operations Management, or related field, 10+ years experience managing plant operations and large teams., Experience with chemical manufacturing","As the Plant Manager, you will oversee all operations of the plant, ensuring efficient production, compliance with industry standards and plant-wide safety, quality, delivery, and cost goals. You will identify and lead continuous improvement projects. You will be on-site and will report to the Director of IS Operations."
PPG,Store Assistant,Store Assistant,dat bruist van energie,"Utrecht, Utrecht, Netherlands Architectural EMEA Category Sales",,,Full Time,https://careers.ppg.com/us/en/job/JR2517738/Store-Assistant,"Our employee benefits programs are designed to support the health and well-being of our employees. Any insurance coverages and benefits will be in accordance with the terms and conditions of the applicable plans and associated governing plan documents. Benefits will be discussed with you by your recruiter during the hiring process., PPG values your feedback on our recruiting process. We encourage you to visit Glassdoor.com and provide feedback on the process, so that we can do better today than yesterday., Explore Location, Apply Now, Save job, Get notified for similar jobs, Sign up to receive job alerts, Enter Email address (Required), By checking this box, I consent to receive transactional and marketing text messages regarding employment opportunities., I have read and accept the privacy policy and terms of use. *",Word onze nieuwe Store Assistant bij het Sigma Service Center in Utrecht!
PPG,Technical Service Representative - Automotive Coatings,Technical Service Representative - Automotive Coatings,"that drives value, performance, and customer success","Mccarran, Nevada, United States of America Automotive OEM Coatings Category Sales",,Onsite,Full Time,https://careers.ppg.com/us/en/job/JR262195/Technical-Service-Representative-Automotive-Coatings,"HS diploma or equivalent is required; 4-year degree would be preferred., 2+ years field experience with various industrial coating technologies including Sealer & LASD, Pretreatment, and Electrocoat., Proficient in Microsoft programs - Excel (can maintain complex spreadsheets), Word, PowerPoint, etc.), Comfortable working in a customer production environment, around automated equipment, and be able lift ~30 lbs. on a limited basis., Works collaboratively with team members to address and overcome challenges., Demonstrated strength in fostering clear, collaborative communication at every organizational level., Willingness to work a day shift, along with occasional evening or weekend hours on an as needed basis., #LI-Onsite, PPG offers comprehensive benefits such as Health, Dental, Life, Retirement Plan, Paid Vacation & Holidays, Employee Assistance Program (EAP), Disability/Leave, and other Voluntary benefit offerings.","PPG delivers industry‑leading technical expertise alongside innovative products and services. Our customers rely on this knowledge to operate more efficiently and cost‑effectively. Join PPG and be part of a high‑performing team that drives value, performance, and customer success."
PPG,FTS Representive,FTS Representive,,"Shanghai, Shanghai, China Protective and Marine Ctgs Category R",,,Full Time,https://careers.ppg.com/us/en/job/JR263058/FTS-Representive,"1. High school/Polytechnic School/Ship-officer or seaman qualification or similar., 2. Marine/Yard/PC or Contractor experience with a coating background., 3. PC literate and internet communication","As an FTS Representative, to provide technical support and assistance, and to maintain records of the actual conditions and application standards witnessed on site."
PPG,Commercial Sales Manager,Commercial Sales Manager,in NSW,"Eastern Creek, New South Wales, Australia Architectural Coatings Category Sales",,,Full Time,https://careers.ppg.com/us/en/job/JR263145/Commercial-Sales-Manager,"The ability to mentor and develop sales teams, Excellent communication, presentation & planning skills, What We Offer, Opportunities for development and long-term career progression, Uncapped performance based incentive programs, Tool of trade vehicle and fuel card, Access to corporate discounts, including WhereFit, that provide wellness benefits to our employees, Give back to local communities with our PPG Colourful communities program, PPG Recognition programs, Generous discounts on PPG products through our company owned store network","Step into a world of paint, colour, and innovation with PPG’s Australia and New Zealand Architectural business. As a global leader, we transform spaces across the region with trusted brands including Taubmans, White Knight and Johnstone’s in Australia and PPG Paints in New Zealand."
PPG,Supervisor de producción- Tepexpan Edo de Mexico,Supervisor de producción- Tepexpan Edo de Mexico,Production / Packaging,"Acolman, M",,Onsite,Full Time,https://careers.ppg.com/us/en/job/JR263690/Supervisor-de-producción-Tepexpan-Edo-de-Mexico,"Bachelor's degree in chemical engineering, Industrial Engineering, or a related field., Minimum of 3 years of experience in a similar supervisory role within the chemical, coatings, paints, or related manufacturing industry., Experience with solvent-based operations in safety-critical or hazardous environments., Experience leading large production teams (17–22 direct reports per shift)., Knowledge of automotive quality and operational standards, including ISO 9001 and preferably IATF., Experience with Lean Manufacturing, Six Sigma, TPM, and tools., Experience managing Indicators related to production, quality, cost, and maintenance., Proficiency in Microsoft Office, Excel (intermediate level)., Working knowledge of ERP systems like Oracle., Intermediate level of English, with the ability to explain processes and work with international visitors.","Location: Tepexpan, State of Mexico Area: Production / Packaging – Automotive Business Unit"
PPG,Aerospace Quality Engineer,Aerospace Quality Engineer,in Avon,"Avon, Massachusetts, United States of America Aerospace Products Category Engineering, Quality Job Type Full time Job Id JR264862 Apply Now Save job Back to search results PPG",,Onsite,Full Time,https://careers.ppg.com/us/en/job/JR264862/Aerospace-Quality-Engineer,"Bachelor's degree in Engineering or related field required., 3+ years of quality engineering-related experience within a manufacturing environment required, preferably within an aerospace / automotive company., Familiarity working within an AS9100 compliant QMS and thorough understanding of AS9102 preferred., Experience with Root Cause and Corrective Action (RCCA) preferred., Availability for occasional (20% or less) travel to suppliers and customers if needed., Only U.S. Citizens, Green Card holders, and political asylees or refugees are eligible to apply. Candidates must have or be eligible to obtain secret clearance., The base salary range for this position is $85,000 to $110,000, with a possibility of an annual bonus up to 7% of base salary. PPG offers comprehensive benefits such as Health, Dental, Life, Retirement Plan, Paid Vacation & Holidays, Employee Assistance Program (EAP), Disability/Leave, and other Voluntary benefit offerings. Actual benefit offerings confirmed at the time of hire., #LI-Onsite","PPG's Aerospace Business is looking for a Quality Engineer to join our team in Avon! As a Quality Engineer, you will be responsible for ensuring that products manufactured at the PPG Avon facility meet customers' requirements for conformity, continuously support products and processes, and foster customer satisfaction. You will proactively identify quality, product, process, and production issues for improvement and corrective/preventative actions to ensure zero impact on the customer."
PPG,FTS Representative,FTS Representative,,"Shanghai, Shanghai, China Protective and Marine Ctgs Category R",,,Full Time,https://careers.ppg.com/us/en/job/JR265223/FTS-Representative,"1. High school/Polytechnic School/Ship-officer or seaman qualification or similar., 2. Marine/Yard/PC or Contractor experience with a coating background., 3. PC literate and internet communication","As an FTS Representative, to provide technical support and assistance, and to maintain records of the actual conditions and application standards witnessed on site."
PPG,FTS Representative,FTS Representative,,"Shanghai, Shanghai, China Protective and Marine Ctgs Category R",,,Full Time,https://careers.ppg.com/us/en/job/JR265225/FTS-Representative,"1. High school/Polytechnic School/Ship-officer or seaman qualification or similar., 2. Marine/Yard/PC or Contractor experience with a coating background., 3. PC literate and internet communication","As an FTS Representative, to provide technical support and assistance, and to maintain records of the actual conditions and application standards witnessed on site."
PPG,Operario B,Operario B,,"Gustavo A Madero, Distrito Federal, Mexico Category Manufacturing Job Type Full time Job Id JR265375 Apply Now Save job Back to search results Ayudante general producci",,,Full Time,https://careers.ppg.com/us/en/job/JR265375/Operario-B,"Our employee benefits programs are designed to support the health and well-being of our employees. Any insurance coverages and benefits will be in accordance with the terms and conditions of the applicable plans and associated governing plan documents. Benefits will be discussed with you by your recruiter during the hiring process., PPG values your feedback on our recruiting process. We encourage you to visit Glassdoor.com and provide feedback on the process, so that we can do better today than yesterday., Explore Location, Apply Now, Save job, Get notified for similar jobs, Sign up to receive job alerts, Enter Email address (Required), By checking this box, I consent to receive transactional and marketing text messages regarding employment opportunities., I have read and accept the privacy policy and terms of use. *","Como AYUDANTE GENERAL, apoyarás en el cumplimiento del programa de Producción a través del modelo de Excelencia Operativa, normas y procedimientos de calidad, EHS y mejora continua; manteniendo las condiciones óptimas del área de trabajo, para garantizar los requerimientos del cliente de acuerdo a los objetivos estratégicos del negocio."
PPG,Certified Optima Solutions Professional Lead,Certified Optima Solutions Professional Lead,", apply today","Hefei, Anhui, China Automotive OEM Coatings Category R",,On-Site,Full Time,https://careers.ppg.com/us/en/job/JR263708/Certified-Optima-Solutions-Professional-Lead,"Bachelor's degree, majoring in chemical engineering or related., More than 2 years’ working experience., Automotive coatings related experience, or desire to work in the coatings industry., Capability of using written English., If you are someone who wants to lead change and enjoys working with a team, apply today!","As a Certified Optima Solutions Professional, you will provide technical services based on customer needs. You'll report to Optima Solutions Site Manager and base in Anqing."
PPG,Anwendungstechniker Lacke für Nutzfahrzeuge (m/w/d),Anwendungstechniker Lacke für Nutzfahrzeuge (m/w/d),s f,"Weingarten, Baden-Wurttemberg, Germany Automotive OEM Coatings Category R",,,Full Time,https://careers.ppg.com/us/en/job/JR264142/Anwendungstechniker-Lacke-für-Nutzfahrzeuge-m-w-d,"Our employee benefits programs are designed to support the health and well-being of our employees. Any insurance coverages and benefits will be in accordance with the terms and conditions of the applicable plans and associated governing plan documents. Benefits will be discussed with you by your recruiter during the hiring process., PPG values your feedback on our recruiting process. We encourage you to visit Glassdoor.com and provide feedback on the process, so that we can do better today than yesterday., Explore Location, Apply Now, Save job, Get notified for similar jobs, Sign up to receive job alerts, Enter Email address (Required), By checking this box, I consent to receive transactional and marketing text messages regarding employment opportunities., I have read and accept the privacy policy and terms of use. *","Bei PPG (NYSE: PPG) arbeiten wir jeden Tag daran, die Farben, Beschichtungen und Spezialmaterialien zu entwickeln und zu liefern, auf die unsere Kunden seit fast 140 Jahren vertrauen."
PPG,Maintenance Technician,Maintenance Technician,"s, etc","Quebec City, Quebec, Canada Traffic Solutions Category Manufacturing Job Type Full time Job Id JR264425 Apply Now Save job Back to search results As the Maintenance Technician, you will be responsible for performing maintenance and repairs at the Quebec City facility, ensuring everything operates smoothly and safely",,Onsite,Full Time,https://careers.ppg.com/us/en/job/JR264425/Maintenance-Technician,"IT knowledge (Ex: Maintenance software FIXX)., Physical stamina and manual dexterity to perform manual tasks and lift heavy objects., Ability to drive a forklift (training available)., Availability outside regular hours during the high season. (March to September)., Fluency in French and English required., #LI-Onsite, PPG offers comprehensive benefits such as Health, Dental, Life, Retirement Plan, Paid Vacation & Holidays, Employee Assistance Program (EAP), Disability/Leave, and other Voluntary benefit offerings., En tant que technicien(ne) d'entretien, vous serez responsable de l'entretien et des réparations à l'usine de Québec, en veillant au bon fonctionnement et à la sécurité de l'ensemble., Vous relèverez du directeur de la production., Principales responsabilités","As the Maintenance Technician, you will be responsible for performing maintenance and repairs at the Quebec City facility, ensuring everything operates smoothly and safely."
PPG,"Territory Manager, Arizona","Territory Manager, Arizona","s of profitability, cycle time, product training, and the use of analytics","Phoenix, Arizona, United States of America Automotive Refinish Category Sales",,,Full Time,https://careers.ppg.com/us/en/job/JR264441/Territory-Manager-Arizona,"Prior Automotive Refinish or equivalent experience., Willingness to travel within assigned territory; Expected overnight travel is 25%., PPG offers comprehensive benefits such as Health, Dental, Life, Retirement Plan, Paid Vacation & Holidays, Employee Assistance Program (EAP), Disability/Leave, and other Voluntary benefit offerings.","As a Territory Manager, you will develop and grow the Arizona territory and provide information and market data to ensure effective delivery of the overall business targets. Can you influence customers at the end user and higher levels to support achievement of strategic goals? If so, this may be the opportunity for you!"
PPG,Commercial Territory Sales Manager,Commercial Territory Sales Manager,", you will guide profitable sales growth and strengthening customer relationships within a defined territory covering Missouri and Central Illinois","Saint Louis, Missouri, United States of America Automotive Refinish Category Sales",,,Full Time,https://careers.ppg.com/us/en/job/JR264522/Commercial-Territory-Sales-Manager,"Bachelor's degree in business, Marketing, Chemistry, Engineering, or a related field, or equivalent professional experience., 5+ years of progressive experience in commercial coatings sales, automotive refinish, or an adjacent industrial market., Experience in sales development, negotiation, with the ability to establish engagement with prospects, customers, and distributor partners., Hands-on technical capabilities related to substrate preparation, painting processes and application, Valid driver's license and willingness to travel.","Manage and grow sales within a defined territory, including existing direct accounts and distributor-managed accounts using a disciplined and defined approach."
PPG,Químico Sr.,Químico Sr.,,"Pinhais, Paran",,,Full Time,https://careers.ppg.com/us/en/job/JR265743/Químico-Sr,"Our employee benefits programs are designed to support the health and well-being of our employees. Any insurance coverages and benefits will be in accordance with the terms and conditions of the applicable plans and associated governing plan documents. Benefits will be discussed with you by your recruiter during the hiring process., PPG values your feedback on our recruiting process. We encourage you to visit Glassdoor.com and provide feedback on the process, so that we can do better today than yesterday., Explore Location, Apply Now, Save job, Get notified for similar jobs, Sign up to receive job alerts, Enter Email address (Required), By checking this box, I consent to receive transactional and marketing text messages regarding employment opportunities., I have read and accept the privacy policy and terms of use. *","Desenvolver e formular adesivos e selantes automotivos. - Ajustar e aprimorar produtos de linha conforme necessidades. - Participar de processos de localização, ou transferência de tecnologia de produtos para o mercado de Adesivos e Selantes. - Participar de projetos técnicos – escopo de trabalho, cronogramas, plano de desenvolvimento e validação. - Participar e propor projetos de otimização, redução de custos e desenvolvimento. - Realizar testes e ensaios conforme descritos em especificações de clientes. - Operar equipamentos de medição de propriedades dos adesivos e selantes e interpretar os resultados. - Elaborar relatórios, especificações e boletins técnicos. - Prover suporte para as áreas Comercial e de Assistência Técnica para resolução de problemas de linha e lançamento de novos produtos. - Interface com as áreas de Manufatura, Processos, Qualidade e Supply Chain. - Suporte na investigação e solução de problemas. - Participar das auditorias de Qualidade para manutenção da certificação. - Elaborar apresentações e treinamentos à clientes. - Manter a organização e manutenção do laboratório (5S). - Cumprir as normas e procedimentos referentes ao sistema de Gestão da Qualidade, Meio Ambiente, Segurança e Saúde Ocupacional e Compliance."
PPG,Asistent/ka prodeje - Brno Kaštanová,Asistent/ka prodeje - Brno Kaštanová,,"Brno, Jihomoravsk",,,Full Time,https://careers.ppg.com/us/en/job/JR265760/Asistent-ka-prodeje-Brno-Kaštanová,"Our employee benefits programs are designed to support the health and well-being of our employees. Any insurance coverages and benefits will be in accordance with the terms and conditions of the applicable plans and associated governing plan documents. Benefits will be discussed with you by your recruiter during the hiring process., PPG values your feedback on our recruiting process. We encourage you to visit Glassdoor.com and provide feedback on the process, so that we can do better today than yesterday., Explore Location, Apply Now, Save job, Get notified for similar jobs, Sign up to receive job alerts, Enter Email address (Required), By checking this box, I consent to receive transactional and marketing text messages regarding employment opportunities., I have read and accept the privacy policy and terms of use. *",Na naši prodejnu Domu barev v Brně na Kaštanové hledáme nové posily pro rozšíření našeho týmu.
PPG,Electrician/Maintenance T2,Electrician/Maintenance T2,"s including supervising contractors, safety compliance, 5S, completing PMs and scheduling projects","Richmond, Virginia, United States of America Traffic Solutions Category Manufacturing Job Type Full time Job Id JR265762 Apply Now Save job Back to search results Electrician / Maintenance Tech II Richmond, VA Shift",,,Full Time,https://careers.ppg.com/us/en/job/JR265762/Electrician-Maintenance-T2,"5 years of journeyman level electrical experience., Working knowledge of National Electric Code., Experience in Microsoft Office, Experience in PLC programming, Experience in Inventory Management, PPG pay ranges and benefits can vary by location which allows us to compensate employees competitively in different geographic markets. PPG considers several factors in making compensation decisions including, but not limited to, skill sets, experience and training, qualifications and education, licensure and certifications, and other organizational needs. Other incentives may apply.",Peak Season (March - October) 6 AM - 6 PM
PPG,Ayudante General C,Ayudante General C,s and repairs,"Hermosillo, Sonora, Mexico Category Manufacturing Job Type Full time Job Id JR265939 Apply Now Save job Back to search results Manufacturing Production Workers focus on setting up, operating, maintaining, and troubleshooting manufacturing production (i",,,Full Time,https://careers.ppg.com/us/en/job/JR265939/Ayudante-General-C,"Our employee benefits programs are designed to support the health and well-being of our employees. Any insurance coverages and benefits will be in accordance with the terms and conditions of the applicable plans and associated governing plan documents. Benefits will be discussed with you by your recruiter during the hiring process., PPG values your feedback on our recruiting process. We encourage you to visit Glassdoor.com and provide feedback on the process, so that we can do better today than yesterday., Explore Location, Apply Now, Save job, Get notified for similar jobs, Sign up to receive job alerts, Enter Email address (Required), By checking this box, I consent to receive transactional and marketing text messages regarding employment opportunities., I have read and accept the privacy policy and terms of use. *","Manufacturing Production Workers focus on setting up, operating, maintaining, and troubleshooting manufacturing production (i.e., machining, processing, assembly, or packaging) equipment including: Setup the production equipment and supplies before executing the job orders. Operate equipment safely and effectively for production processing. Ensure that equipment are maintained in good and safe working condition. Inspect equipment to identify any replacements, malfunctions and repairs. Perform regular equipment maintenance to ensure production capacity and quality. Provide assistance to junior operators in their assigned responsibilities. Repair and clean the equipment when needed. Evaluate equipment performance and recommend improvements. Operate trucks and other industrial vehicles to transfer the production equipment between warehouse and working area. Follow safety procedures and company policies for equipment operation."
PPG,Production Supervisor (3rd shift),Production Supervisor (3rd shift),s to ensure goals are met through the development of and adherence to standardized work,"Oak Creek, Wisconsin, United States of America Operations Category Manufacturing Job Type Full time Job Id JR266013 Apply Now Save job Back to search results As a Production Supervisor (3rd shift) working onsite in Oak Creek, WI, you will report to the Resin Operations Manager",,Onsite,Full Time,https://careers.ppg.com/us/en/job/JR266013/Production-Supervisor-3rd-shift,"HS Diploma required; associate or bachelor’s degree is preferred., 3+ years' experience in production, and previous supervisory or management experience in a manufacturing environment. Chemical or batch manufacturing preferred., Previous experience with ERP systems, Oracle preferred., Ability to lift 50 lbs, to bend, and stand or walk for long periods of time in a fast-paced environment.","As a Production Supervisor (3rd shift) working onsite in Oak Creek, WI, you will report to the Resin Operations Manager. You will drive safety, quality, and productivity of teams to ensure goals are met through the development of and adherence to standardized work. Through process discipline and building worker engagement, you will lead the assigned Production Area, ensuring a focus on safety, risk reduction, and continuous improvement."
PPG,Elektryk w Dziale Utrzymania Ruchu (m/f/d),Elektryk w Dziale Utrzymania Ruchu (m/f/d),,"Cieszyn, Silesian, Poland Operations Category Manufacturing Job Type Full time Job Id JR2515528 Apply Now Save job Back to search results Poszukujemy Elektryka do Dzia",,,Full Time,https://careers.ppg.com/us/en/job/JR2515528/Elektryk-w-Dziale-Utrzymania-Ruchu-m-f-d,"Our employee benefits programs are designed to support the health and well-being of our employees. Any insurance coverages and benefits will be in accordance with the terms and conditions of the applicable plans and associated governing plan documents. Benefits will be discussed with you by your recruiter during the hiring process., PPG values your feedback on our recruiting process. We encourage you to visit Glassdoor.com and provide feedback on the process, so that we can do better today than yesterday., Explore Location, Apply Now, Save job, Get notified for similar jobs, Sign up to receive job alerts, Enter Email address (Required), By checking this box, I consent to receive transactional and marketing text messages regarding employment opportunities., I have read and accept the privacy policy and terms of use. *",Poszukujemy Elektryka do Działu Utrzymania Ruchu!
PPG,Teamleiter Logistik (m/w/d),Teamleiter Logistik (m/w/d),"leiter Logistik (m/w/d) Location Klingenberg, Bavaria, Germany Operations Category Supply Chain & Warehouse Job Type Full time Job Id JR2518457 Apply Now Save job Back to search results Teamleiter Logistik (m/w/d) Standort","Klingenberg, Bavaria, Germany Operations Category Supply Chain",,,Full Time,https://careers.ppg.com/us/en/job/JR2518457/Teamleiter-Logistik-m-w-d,"Our employee benefits programs are designed to support the health and well-being of our employees. Any insurance coverages and benefits will be in accordance with the terms and conditions of the applicable plans and associated governing plan documents. Benefits will be discussed with you by your recruiter during the hiring process., PPG values your feedback on our recruiting process. We encourage you to visit Glassdoor.com and provide feedback on the process, so that we can do better today than yesterday., Explore Location, Apply Now, Save job, Get notified for similar jobs, Sign up to receive job alerts, Enter Email address (Required), By checking this box, I consent to receive transactional and marketing text messages regarding employment opportunities., I have read and accept the privacy policy and terms of use. *",Standort: Klingenberg| Start: zum nächstmöglichen Zeitpunkt
PPG,Operator,Operator,", waar humor, betrokkenheid en teamwork net zo belangrijk zijn als de machines die we bedienen","Tiel, Gelderland, Netherlands Operations Category Manufacturing Job Type Full time Job Id JR262232 Apply Now Save job Back to search results Operator (2- of 5-ploegen)",,,Full Time,https://careers.ppg.com/us/en/job/JR262232/Operator,"Our employee benefits programs are designed to support the health and well-being of our employees. Any insurance coverages and benefits will be in accordance with the terms and conditions of the applicable plans and associated governing plan documents. Benefits will be discussed with you by your recruiter during the hiring process., PPG values your feedback on our recruiting process. We encourage you to visit Glassdoor.com and provide feedback on the process, so that we can do better today than yesterday., Explore Location, Apply Now, Save job, Get notified for similar jobs, Sign up to receive job alerts, Enter Email address (Required), By checking this box, I consent to receive transactional and marketing text messages regarding employment opportunities., I have read and accept the privacy policy and terms of use. *",Locatie: Tiel Dienstverband: Fulltime [2- of 5‑ploegendienst] Salaris: Uitstekend salaris inclusief 13e maand Ploegentoeslag: 13% (2‑ploegen) of 29% (5‑ploegen)
PPG,Tech Lead (m/f/d),Tech Lead (m/f/d),", contributing to the development of PPG",Wroc,,Hybrid,Full Time,https://careers.ppg.com/us/en/job/JR263385/Tech-Lead-m-f-d,"Upper-intermediate English (B2+) required for effective collaboration in global teams, Bachelor's or master's degree in computer science, Information Systems, or related field, Would be a plus, Knowledge of Docker, Experience with .NET development (Xunit, Flurl.Http, Serilog, Moq, Snapshooter, FluentValidation), Understanding SEO best practices, semantic markup, and analytics/tracking integration, Experience building pixel-perfect, high-traffic marketing or eCommerce websites, Exposure to AI/ML libraries, chatbot frameworks, or prompt engineering techniques, Experience working with or integrating AI services (e.g., Azure Cognitive Services, OpenAI, ML.NET)","As a Tech Lead, you will be part of the Global Custom Software Solutions team, contributing to the development of PPG’s core Digital eCommerce and LeadGen platform. In this role, you will lead the technical direction of the Formulation AI team, ensuring high-quality implementation of scalable, maintainable, and performant applications."
PPG,EHS Specialist,EHS Specialist,"s of expertise we value for this position include environmental permit management, auditing, ergonomics application, and Industrial Hygiene responsibilities","Grand Prairie, Texas, United States of America EHS / Product Stewardship Category Environmental, Health",,Onsite,Full Time,https://careers.ppg.com/us/en/job/JR264794/EHS-Specialist,"A Bachelor's degree in Environmental Science, Occupational Safety, Industrial Hygiene, or a related field is preferred plus 1+ year of demonstrated experience, OR a Bachelor's degree in another discipline, combined with 5 years' experience in an EHS, safety, or environmental role within a manufacturing or heavy industrial environments is a plus., Knowledge of environmental, health, and safety regulations and best practices., Identify hazards, analyze risks, and recommend corrective actions., Experience conducting safety audits or incident investigations., Experience with ergonomic assessments and job safety analysis., Familiarity with sustainability plans or environmental compliance programs., Relevant certifications (e.g., OSHA, CSP, ASP) a plus., Only US Citizens, Green Card holders, and political asylees or refugees are eligible to apply., PPG offers comprehensive benefits such as Health, Dental, Life, Retirement Plan, Paid Vacation and Holidays, Employee Assistance Program (EAP), Disability/Leave, Family Leave and other Voluntary benefit offerings. Actual benefit offerings confirmed at the time of hire.","As an EHS Specialist within PPG's Aerospace Business you will provide technical assistance in the development of the site’s safety culture, environmental permit management, and compliance to applicable EHS regulations. You will support EHS program deployment in a mid-sized, high-end manufacturing environment and support site leadership in maturing safety culture. Areas of expertise we value for this position include environmental permit management, auditing, ergonomics application, and Industrial Hygiene responsibilities. Located at PPG's Grand Prairie, TX plant, you will report to the EHS Manager and lead best practices to sustain PPG's EHS mission."
PPG,Department Manager - Production,Department Manager - Production,"Manager - Production Location Batley, West Yorkshire, United Kingdom Architectural EMEA Category Manufacturing Job Type Full time Job Id JR264925 Apply Now Save job Back to search results Department Manager - Production PPG Industries Birstall Join our Architectural Coatings business and be part of a global organisation, in an exciting role at the forefront of production of high performance products","Batley, West Yorkshire, United Kingdom Architectural EMEA Category Manufacturing Job Type Full time Job Id JR264925 Apply Now Save job Back to search results Department Manager - Production PPG Industries Birstall Join our Architectural Coatings business and be part of a global organisation, in an exciting role at the forefront of production of high performance products",,,Full Time,https://careers.ppg.com/us/en/job/JR264925/Department-Manager-Production,"5+ years of experience of management in a volume production environment, Health & safety focus, Productivity driven, Evidence of continuous improvement projects","Join our Architectural Coatings business and be part of a global organisation, in an exciting role at the forefront of production of high performance products."
PPG,Production Shift Leader,Production Shift Leader,s for the daily activities of a team of production workers,"Samut Prakan, Thailand Operations Category Manufacturing Job Type Full time Job Id JR265797 Apply Now Save job Back to search results You will monitor the volume and quality of output and adjust tasks, timing, equipment set-up, or inputs to meet production specifications and use resources efficiently",,,Full Time,https://careers.ppg.com/us/en/job/JR265797/Production-Shift-Leader,"BS in Chemical Engineering or related technical degree with manufacturing experience, Prefer to have experience in paint chemical or chemical manufacturing at least 1-3 years., Prefer to have experience to manage team members 10-20 people., Good proficiency in Microsoft Excel, Word and PowerPoint, Good leadership skill, have effective human relations, Good verbal and written communication skills both local and English.","You will monitor the volume and quality of output and adjust tasks, timing, equipment set-up, or inputs to meet production specifications and use resources efficiently. You will manage staff to ensure that all production tasks are performed, and all machines and equipment operated, safety. You will train new workers in our operating procedures and standards. You will prepare production reports to resolve performance problems. You will standardize, improve the working instruction in all covered processes to ensure the good quality, yield and safely. You will report directly to Assistant Production Manager."
PPG,Military Coatings and Layup Production Manager,Military Coatings and Layup Production Manager,", you will oversee the supervisors within the Military Coatings and Military Layup areas and have a specific focus on safety and meeting production metrics","Sylmar, California, United States of America Aerospace Products Category Manufacturing Job Type Full time Job Id JR265847 Apply Now Save job Back to search results As a Production Manager in our Aerospace Division, you will oversee the supervisors within the Military Coatings and Military Layup areas and have a specific focus on safety and meeting production metrics",,Onsite,Full Time,https://careers.ppg.com/us/en/job/JR265847/Military-Coatings-and-Layup-Production-Manager,"Lean Manufacturing and Six Sigma knowledge, Previous experience in Kanban and Materials Markets, #LI-ONSITE, The base salary range for this position is $95,000-$130,000, with a possibility of an annual bonus up to 10% of base salary. PPG offers comprehensive benefits such as Health, Dental, Life, Retirement Plan, Paid Vacation & Holidays, Employee Assistance Program (EAP), Disability/Leave, and other Voluntary benefit offerings. Actual benefit offerings confirmed at the time of hire.","As a Production Manager in our Aerospace Division, you will oversee the supervisors within the Military Coatings and Military Layup areas and have a specific focus on safety and meeting production metrics. You will play an important role in the operation and interact with production staff, cell leaders, and key leadership members of the plant."
PPG,Process Expert,Process Expert,al SaaS platforms to enable seamless data connectivity and process optimization Data Analytics & AI applications,"Shanghai, Shanghai, China Automotive Refinish Category Supply Chain",,,Full Time,https://careers.ppg.com/us/en/job/JR266644/Process-Expert,"Excellent communication and interpersonal skills, with the ability to explain technical concepts to non-technical audience.","Through leadership in innovation, sustainability and color, PPG helps customers in industrial, transportation, consumer products, and construction markets and aftermarkets to enhance more surfaces in more ways than does any other company. To learn more, visit www.ppg.com and follow @PPG on X."
PPG,Business Analyst - Loftware Specialist,Business Analyst - Loftware Specialist,for PPG,"Shah Alam, Selangor, Malaysia Information Technology Category Digital",,,Full Time,https://careers.ppg.com/us/en/job/JR26984/Business-Analyst-Loftware-Specialist,"Bachelors degree in Information Systems Management, Computer Science, Engineering, Chemistry, a related discipline or equivalent experience, Minimum 2 years of experience in IT or a related discipline, Strong analytical and conceptual skills, especially with systems and process orientation, Strong oral and written communication skills, including technical writing, Comfortable working remotely using virtual means of collaborating with colleagues and managers, without close supervision, Experience participating in IT projects and prior experience with Loftware labeling solutions would be preferred","This role will be part of the Oracle COE Team for PPG. It will collaborate with business units or functional groups to clarify and communicate business requirements. This collaboration assures that we align products and services with business needs, particularly in terms of utilizing our applications. You will be a business or function specialist, providing an array of services such as business process improvement, priority-setting facilitation, project definition or design, and broker IT and contract services. Key Responsibilities"
PPG,Modeling Engineer,Modeling Engineer,"al environment and support government-funded, export-controlled R&D projects, contributing to innovation in product and process development across PPG","Springdale, Pennsylvania, United States of America Science",,Hybrid,Full Time,https://careers.ppg.com/us/en/job/JR2513288/Modeling-Engineer,"A MS or PhD degree in chemical engineering, mechanical engineering, polymer materials engineering, or related technical disciplines, with chemical process simulation experiences., 1+ years of relevant experience using Computational Fluid Dynamics packages i.e. M-Star CFD, ANSYS Fluent, Siemens Star-CCM+, OpenFOAM, COMSOL, etc.; Experienced in pre-processing, meshing, solving, and post processing, and coding ability for user-defined subroutines., Proficiency in analyzing complex data sets and digital twin product development. Experience with hybrid modeling (e.g. AI/ML) is appreciated., Job Location: Up to 5-days per week in Springdale, PA, Must be a U.S. Person as defined by U.S. export control regulations (i.e., U.S. citizen or lawful permanent resident) to comply with government project requirements., Willingness to travel up to 10% for meetings, site visits, and technical conferences., #LI-onsite","As a Modeling Engineer part of our Global Digital and Corporate Color organization, you will apply advanced engineering principles to develop digital twin solutions for chemical processes, integrating both physics-based and data-driven modeling approaches. You will work in a cross functional environment and support government-funded, export-controlled R&D projects, contributing to innovation in product and process development across PPG's diverse businesses."
PPG,Aerospace Operational Excellence Engineer,Aerospace Operational Excellence Engineer,"onsite in Grand Prairie, TX","Grand Prairie, Texas, United States of America Aerospace Products Category Manufacturing Job Type Full time Job Id JR262028 Apply Now Save job Back to search results PPG",,Onsite,Full Time,https://careers.ppg.com/us/en/job/JR262028/Aerospace-Operational-Excellence-Engineer,"Bachelor's Degree in Industrial, Manufacturing, or Process Engineering; OR HS Diploma/GED and equivalent work experience related to lean manufacturing., Strong knowledge of Lean Manufacturing principles., Minimum of a Green Belt preferred., Knowledge of Aerospace manufacturing concepts and application preferred., Only U.S. Citizens, Green Card holders, and political asylees or refugees are eligible to apply., #LI-Onsite","PPG's Aerospace Business is looking for an Operational Excellence Engineer (OPEX) to join our team onsite in Grand Prairie, TX! Reporting to the Operational Excellence Manager, you'll implement Lean methodologies and contribute to operational efficiency. If you are passionate about enhancing processes and leading in manufacturing operations, apply now to be part of our team."
PPG,BI Reporting Specialist (m/f/d),BI Reporting Specialist (m/f/d),as BI Reporting Specialist,Wroc,,Remote,Full Time,https://careers.ppg.com/us/en/job/JR263480/BI-Reporting-Specialist-m-f-d,"University degree in marketing, business, finance or related field, Knowledge of sales, marketing and business processes, 2-3 years of proven working experience in reporting and analysis, Ability to develop relationship with remote locations and work with different levels of management, Fluent English speaker, Strong Excel skills including power query/power pivot, Familiarity with business intelligence and reporting software (Power BI), Organizational skills, adaptability and outstanding attention to detail, Excellent analytical skills, Good communication",Join our BI& Reporting Solutions EMEA Team as BI Reporting Specialist!
PPG,Sales Assistant,Sales Assistant,,"Enniskillen, County Fermanagh, United Kingdom Architectural EMEA Category Sales",,,Full Time,https://careers.ppg.com/us/en/job/JR265054/Sales-Assistant,"Previous experience in a customer facing environment is desirable, Good communications skills with a positive customer focusses attitude, Good understanding of IT systems, Flexibility towards working hours and duties, Driving license is desirable but not essential, #WeAreHiringPPGUK",Enniskillen Johnstone’s Decorating Centre
PPG,Supply Planning Coordinator,Supply Planning Coordinator,s (SBUs),"Bien Hoa,",,,Full Time,https://careers.ppg.com/us/en/job/JR265636/Supply-Planning-Coordinator,"Minimum of a Bachelor's degree in Supply Chain Management or a related field., Minimum 4 years of experience managing raw materials in a manufacturing environment, supply planning, material planning or manufacturing planning roles., Experience with Microsoft Office tools and ERP system (Oracle, SAP, or similar), Ability to interpret planning data and exceptions., Good communication and negotiation skills","You will ensure the efficient supply of raw materials (RMs) and finished goods (FGs) across all sites and Strategic Business Units (SBUs). Your role will involve planning, scheduling, and monitoring raw material supply to support production requirements while optimizing inventory levels, managing purchasing orders, coordinating with suppliers and logistics partners. You will ensure material availability, minimize supply risks, and support smooth manufacturing operations through planning, coordination, and data analysis. You will report directly to Supply Planning Vietnam."
PPG,"Territory Sales Manager, St. Louis, MO","Territory Sales Manager, St. Louis, MO",", you will guide profitable sales growth and strengthening customer relationships within a defined territory covering St","St Louis, Missouri, United States of America Automotive Refinish Category Sales",,Remote,Full Time,https://careers.ppg.com/us/en/job/JR266007/Territory-Sales-Manager-St-Louis-MO,"· Prior Automotive Refinish or equivalent experience preferred., ·Valid driver's license and willingness to travel., ·Collision or Body Shop Business Experience is highly desirable., If you show results in selling and relationship building, apply today!, If you demonstrate proven results in selling and relationship building, apply today!","As a Territory Sales Manager on PPG's Automotive Refinish team, you will guide profitable sales growth and strengthening customer relationships within a defined territory covering St. Louis – N.E. Missouri. You will deliver specific sales and service provision targets following Regional, Zone, and National targets, as well as develop the defined territory and provide information and market data to ensure delivery of the overall business targets."
PPG,Operational Excellence Engineer,Operational Excellence Engineer,"al workshops Partner with Operations, Maintenance, Engineering, Quality, Supply Chain, and EHS teams Train and mentor employees on Lean principles and problem-solving methods Support change management and sustain operational improvements Track and communicate performance metrics and improvement results Qualifications","Oak Creek, Wisconsin, United States of America Operations Category Manufacturing Job Type Full time Job Id JR266075 Apply Now Save job Back to search results The Operational Excellence Engineer is responsible for driving continuous improvement and elevating operational performance across the site",,Onsite,Full Time,https://careers.ppg.com/us/en/job/JR266075/Operational-Excellence-Engineer,"Ability to influence teams and work closely with operations, Proficient in Excel; Power BI experience is a plus","The Operational Excellence Engineer is responsible for driving continuous improvement and elevating operational performance across the site. You will lead initiatives that improve safety, quality, delivery, cost, and sustainability through structured problem-solving, standardization, data-driven decision-making, and effective change management."
PPG,Lead Customer Service Assistant,Lead Customer Service Assistant,"of customer service representatives who handle customer inquiries, manage orders and issue resolution through telephone and email","Avon, Massachusetts, United States of America Aerospace Products Category Sales",,Onsite,Full Time,https://careers.ppg.com/us/en/job/JR266395/Lead-Customer-Service-Assistant,"2+ years of customer service management experience., Prior experience as a senior or lead‑level Customer Service Representative., QAD knowledge is helpful., Only U.S. Citizens, Green Card holders, and political asylees or refuges are eligible to apply., The base salary range for this position is $50,000 to $60,000, with a possibility of an annual bonus up to 2.5% of base salary. PPG offers comprehensive benefits such as Health, Dental, Life, Retirement Plan, Paid Vacation and Holidays, Employee Assistance Program (EAP), Disability/Leave, Family Leave and other Voluntary benefit offerings. Actual benefit offerings confirmed at the time of hire., #LI-Onsite, 401K, Medical Dental Vision, Paid Time Off","The Customer Service Lead supports the manager by providing day‑to‑day leadership for a team of customer service representatives who handle customer inquiries, manage orders and issue resolution through telephone and email. You will be a first‑level resource for the team, offering guidance, troubleshooting support, and escalation handling while helping ensure service quality and adherence to established processes. This onsite role will sit in Avon, MA and will report to the Customer Service Manager."
PPG,Assistant Store Manager,Assistant Store Manager,,"Co Antrim, County Antrim, United Kingdom Architectural EMEA Category Sales",,,Full Time,https://careers.ppg.com/us/en/job/JR266509/Assistant-Store-Manager,"Previous experience in a customer facing environment is desirable, Good communications skills with a positive customer focusses attitude, Good understanding of IT systems, Flexibility towards working hours and duties, Driving License is desirable, If you meet this criteria, or if you would like to learn more about this opportunity, we would love to hear from you., #WeAreHiringPPGUK",Carrickfergus - Johnstone’s Decorating Centre
PPG,Junior Asistent prodeje Brno Porážka,Junior Asistent prodeje Brno Porážka,,"Brno, Jihomoravsk",,,Full Time,https://careers.ppg.com/us/en/job/JR266559/Junior-Asistent-prodeje-Brno-Porážka,"Our employee benefits programs are designed to support the health and well-being of our employees. Any insurance coverages and benefits will be in accordance with the terms and conditions of the applicable plans and associated governing plan documents. Benefits will be discussed with you by your recruiter during the hiring process., PPG values your feedback on our recruiting process. We encourage you to visit Glassdoor.com and provide feedback on the process, so that we can do better today than yesterday., Explore Location, Apply Now, Save job, Get notified for similar jobs, Sign up to receive job alerts, Enter Email address (Required), By checking this box, I consent to receive transactional and marketing text messages regarding employment opportunities., I have read and accept the privacy policy and terms of use. *",Na naši prodejnu Domu barev v Brně na Masné hledáme nové posily pro rozšíření našeho týmu.
PPG,Electrical Project Control Engineer,Electrical Project Control Engineer,,"Circleville, Ohio, United States of America Automotive OEM Coatings Category Engineering, Quality Job Type Full time Job Id JR2518420 Apply Now Save job Back to search results As an Electrical Project Control Engineer, you will be responsible for scoping, engineering, designing, and installing projects in the Circleville facility",,,Full Time,https://careers.ppg.com/us/en/job/JR2518420/Electrical-Project-Control-Engineer,"Bachelor's degree in electrical engineering, Electrical Engineering Technology, or related engineering field., 5 years of controls / DCS / PLC experience, Experience with Allen-Bradley PLC programming process instrumentation in an industrial environment or willingness to learn., Experience with GE Proficy iFix SCADA, HMI, and historian software is a plus., Communication plans for technical and non-technical personnel; must have excellent problem-solving skills; and can conceptualize systems","As an Electrical Project Control Engineer, you will be responsible for scoping, engineering, designing, and installing projects in the Circleville facility. This includes both new installations and modifications to existing process. You will manage complex projects that involve engineering disciplines beyond electrical engineering in some cases. This responsibility includes working closely with and supervising contractors, other supervisors, operations and maintenance personnel, vendors, purchasing, and EHS to assure a high level of achievement in safety, quality and productivity."
PPG,Process Engineer,Process Engineer,"s to improve efficiency, reducing variation and waste in production processes, ensuring process safety",San Juan del R,,,Full Time,https://careers.ppg.com/us/en/job/JR261921/Process-Engineer,"Chemical or Industrial Engineer., + 3 years of proven experience in powder coating production process engineering., Knowledge and application of Lean Manufacturing and Six Sigma philosophy., Fluent English.","As a PROCESS ENGINEER, you will standardize manufacturing processes and operating procedures of production areas to improve efficiency, reducing variation and waste in production processes, ensuring process safety. Transfer technology or best practices among PPG's sister plants. Process Design and Capital Projects."
PPG,FTS Representative,FTS Representative,", apply today","Shanghai, Shanghai, China Protective and Marine Ctgs Category R",,,Full Time,https://careers.ppg.com/us/en/job/JR263049/FTS-Representative,"1. High school/Polytechnic School/Ship-officer or seaman qualification or similar., 2. Marine/Yard/PC or Contractor experience with a coating background., 3. PC literate and internet communication, If you are someone who wants to lead change and enjoys working with a team, apply today!","As an FTS Representative, to provide technical support and assistance, and to maintain records of the actual conditions and application standards witnessed on site."
PPG,Ausbildungsplatz Produktionsfachkraft Chemie (m/w/d),Ausbildungsplatz Produktionsfachkraft Chemie (m/w/d),f,"Stuttgart, Baden-Wurttemberg, Germany Operations Category HR, Corporate",,,Full Time,https://careers.ppg.com/us/en/job/JR263435/Ausbildungsplatz-Produktionsfachkraft-Chemie-m-w-d,"Our employee benefits programs are designed to support the health and well-being of our employees. Any insurance coverages and benefits will be in accordance with the terms and conditions of the applicable plans and associated governing plan documents. Benefits will be discussed with you by your recruiter during the hiring process., PPG values your feedback on our recruiting process. We encourage you to visit Glassdoor.com and provide feedback on the process, so that we can do better today than yesterday., Explore Location, Apply Now, Save job, Get notified for similar jobs, Sign up to receive job alerts, Enter Email address (Required), By checking this box, I consent to receive transactional and marketing text messages regarding employment opportunities., I have read and accept the privacy policy and terms of use. *","Bei PPG (NYSE: PPG) arbeiten wir jeden Tag daran, die Farben, Beschichtungen und Spezialmaterialien zu entwickeln und zu liefern, auf die unsere Kunden seit fast 140 Jahren vertrauen."
PPG,Analytics Engineer,Analytics Engineer,"s, and analytics consumers, ensuring understanding between business needs and technical solutions","Shah Alam, Selangor, Malaysia Information Technology Category Digital",,,Full Time,https://careers.ppg.com/us/en/job/JR263515/Analytics-Engineer,"Bachelor's degree in information management, Data Science, Computer Science, or a related discipline, or equivalent practical experience, Minimum of 3 years of experience in data/systems analysis, design, and implementation, Experience with SQL and data modeling concepts (e.g., data structures, relationships, basic dimensional modeling), Familiarity with tools and platforms such as Azure Databricks, Power BI, DBSchema (or similar), and data catalog tools like Atlan, Strong understanding of business needs and ability to translate them into data models, mappings, and IT solutions, Experience defining business logic, source-to-target mappings, and supporting data validation processes, Systems and process orientation, with attention to data quality, consistency, and governance standards, We consider experience working in Agile environments (e.g., Azure DevOps, sprint-based delivery, backlog management) an advantage.","You will guide communication between business stakeholders, Data Engineering teams, and analytics consumers, ensuring understanding between business needs and technical solutions. You will contribute across the full analytics lifecycle, including identifying and analyzing needs, conducting requirements gathering, and defining scope and goals. You will translate business requirements into technical and analytical solutions, support data modeling and analytics-layer development, and provide ongoing support and enhancement of analytics solutions. Additionally, you will make recommendations for improvements to business processes and reporting dashboards, applying technologies to drive value. As an individual contributor, you operate with a high level of independence and accountability, managing your workload and delivering results. You understand organizational processes, and data governance principles, and you are comfortable working across teams in a collaborative environment. While your primary focus will be on existing solutions and processes, you will also contribute to new projects, supporting continuous improvement and new ideas within the analytics domain. You will be reporting directly to Data and Analytics Manager."
PPG,Training Manager,Training Manager,to deliver customer requirements and business goals Produce a monthly or quarterly training calendar that is provided to the sales team via the Business Manager Work with the National Training Manager to ensure technical and process training is delivered in a consistent way Participate in appropriate new product train the trainer training sessions when required,"Braeside, Victoria, Australia Automotive Refinish Category Sales",,,Full Time,https://careers.ppg.com/us/en/job/JR263846/Training-Manager,"Excellent practical experience and knowledge in the refinish spray painting industry (Minimum 8 years’ experience), Strong personal motivation, willing to learn and adapt to change, Willing to travel statewide, Ability to communicate effectively, Good organisational and planning skills, What We Offer, Opportunities for development and long-term career progression, Performance based incentive programs, Access to corporate discounts, including WhereFit, that provide wellness benefits to our employees, Give back to local communities with our PPG Colourful communities program","PPG are currently seeking a Training Manager to plan, organize and deliver practical and theory training for all ANZ Refinish market segments at both training sites and at customer’s places of business. The successful candidate will be based at our Braeside facility and also be responsible for maintenance, stock levels, consumables, equipment and cleanliness at the site."
PPG,Production Operator,Production Operator,"s, and repairs","Cleveland, Ohio, United States of America Operations Category Manufacturing Job Type Full time Job Id JR264603 Apply Now Save job Back to search results Immediately Hiring",,,Full Time,https://careers.ppg.com/us/en/job/JR264603/Production-Operator,"Ability to lift up to 50 pounds on a consistent basis throughout the day., Experience in a manufacturing or warehouse environment is preferred.","Hiring 2nd and 3rd Shifts, Monday - Friday, Overtime as Needed, Differential for 2nd and 3rd Shift."
PPG,QC Technician,QC Technician,Responsible for the quality of every complete batch Responsible for the EHS and 5S in the work area Make decision on solving nonconformance products About us,"Hai Phong city, H",,,Full Time,https://careers.ppg.com/us/en/job/JR265516/QC-Technician,"We require high school graduation and prefer chemical college., Minimum 2 years working experience in manufacturing plant preferably in powder coating industry and QC function, Responsible for the quality of every complete batch, Responsible for the EHS and 5S in the work area, Make decision on solving nonconformance products","You will ensure product quality control and compliance, verifying that all production batches meet required standards before delivery. Reporting to the QA/QC supervisor, you'll involve in monitoring production data, conducting quality analysis, and supporting new product development, while maintaining accurate records and driving continuous improvement in QC processes. Also, you will promote EHS and 5S practices, contributing to a safe, efficient, and well‑organized production environment."
PPG,Production Shift Lead,Production Shift Lead,"discipline, safety, and 5S practices","My Hanh, T",,,Full Time,https://careers.ppg.com/us/en/job/JR265548/Production-Shift-Lead,"On the job training skills, Innovative and continuous improvement mindset, Proficiency in statistical analysis and data interpretation, Lean Six Sigma basic will be an advantage.","You'll need to oversee shift powder production to ensure compliance with specifications, GMP standards, and on-time delivery while maintaining team discipline, safety, and 5S practices. Reporting to the Production Manager, you'll need to monitor KPIs, coordinate with teams, and improve performance to meet production and customer commitments. You'll also support continuous improvement through data analysis, corrective actions, and process enhancements."
PPG,QA/QC Supervisor,QA/QC Supervisor,s for improvement,"My Hanh, T",,,Full Time,https://careers.ppg.com/us/en/job/JR265559/QA-QC-Supervisor,"Minimum Degree in relevant discipline, Knowledge in chemicals Industries, Knowledge / Qualification in Lean Six Sigma is a bonus point., Minimum 2 years working experience in manufacturing plant preferably in powder coating industry and QC function, Communicate with a larger team internal and external country both in local language and English, Detail‑oriented and accountable in ensuring product quality, compliance, and documentation","You will control the quality of material, process and finish product to meet customer requirements. Reporting to the Operations Manager, you'll support all relevant activities by leading the process to drive continuous improvement in the organization. The QC Engineer role is an important position in determining the quality of powder every production batch manufactured in the plant. You are required to evaluate the result of the production batches objectively through the standard test, upholding the highest level of integrity. Ensure full adherence to EHS and 5S requirements to safeguard personnel and maintain operational standards in the plant. You'll need to have knowledge or skills in powder coating making, powder technology or chemical and have previously worked in a manufacturing plant in production or quality control."
PPG,Multi-Skilled Engineer,Multi-Skilled Engineer,in Stowmarket,"Stowmarket, Suffolk, United Kingdom Operations Category Manufacturing Job Type Full time Job Id JR262141 Apply Now Save job Back to search results Multi-Skilled Engineer PPG",,,Full Time,https://careers.ppg.com/us/en/job/JR262141/Multi-Skilled-Engineer,"Multi-skilled, however, mechanically biased with electrical knowledge is accepted., Previous experience of working in a fast-paced manufacturing environment is ideal., Ability to work to deadlines and unsupervised., Quality and Health & Safety awareness., Minimum Level 3 qualification or apprentice trained., Good communications skills at all levels, Proactive and enthusiastic attitude, #WeAreHiringPPGUK",We now have an exciting new opportunity for a Multi-Skilled Engineer to join our team in Stowmarket. This position will involve completing reactive and planned maintenance on all Plant equipment to ensure minimum impact on daily production. It will also ensure that every task is completed in a safe working environment and is responsible for reporting any safety hazards.
PPG,Certified Optima Solutions Professional Lead,Certified Optima Solutions Professional Lead,", apply today","Hefei, Anhui, China Automotive OEM Coatings Category R",,On-Site,Full Time,https://careers.ppg.com/us/en/job/JR263620/Certified-Optima-Solutions-Professional-Lead,"If you are someone who wants to lead change and enjoys working with a team, apply today!","As a Certified Optima Solutions Professional, you will provide technical services based on customer needs. You'll report to Optima Solutions Site Manager and base in Hefei."
PPG,Production Operator,Production Operator,s,"Brazil, Indiana, United States of America Operations Category Manufacturing Job Type Full time Job Id JR265392 Apply Now Save job Back to search results Immediately Hiring",,,Full Time,https://careers.ppg.com/us/en/job/JR265392/Production-Operator,"Can make independent decisions that follow company policies and procedures., Ability to detect inconsistencies and a keen eye for details.",Production/Extruder Operator: Brazil North Industrial Park Plant
PPG,Production Shift Lead,Production Shift Lead,"discipline, safety, and 5S practices","Hai Phong city, H",,,Full Time,https://careers.ppg.com/us/en/job/JR265509/Production-Shift-Lead,"On the job training skills, Innovative and continuous improvement mindset, Proficiency in statistical analysis and data interpretation, Lean Six Sigma basic will be an advantage.","You'll need to oversee shift powder production to ensure compliance with specifications, GMP standards, and on-time delivery while maintaining team discipline, safety, and 5S practices. Reporting to the Production Manager, you'll need to monitor KPIs, coordinate with teams, and improve performance to meet production and customer commitments. You'll also support continuous improvement through data analysis, corrective actions, and process enhancements."
PPG,Milling Production Leader,Milling Production Leader,"performance, enforce 5S discipline, monitor key KPIs (OEE, cycle time, material utilization) and collaborate with cross-functional teams to support maintenance and continuous improvement","My Hanh, T",,,Full Time,https://careers.ppg.com/us/en/job/JR265549/Milling-Production-Leader,"On the job training skills, Innovative and continuous improvement mindset","Reporting to Shift Production Leader, you will oversee daily mill line operations, ensuring products meet quality standards, specifications, and delivery timelines. You will lead team performance, enforce 5S discipline, monitor key KPIs (OEE, cycle time, material utilization) and collaborate with cross-functional teams to support maintenance and continuous improvement."
PPG,Capacity Supply Chain Planner,Capacity Supply Chain Planner,"s, identifying and addressing potential issues that could impact operations","Barberton, Ohio, United States of America Operations Category Supply Chain",,On-Site,Full Time,https://careers.ppg.com/us/en/job/JR265751/Capacity-Supply-Chain-Planner,"Ability to work in a fast-paced, ever changing dynamic environment Ability to build strong work relationships is essential","As the Capacity Supply Chain Planner, you will leverage advanced tools to project finished goods inventory levels, ensuring a balance that supports the lowest total cost of ownership for the business. You will be a critical liaison, the Planner facilitates communication and coordination among Plants, Sales, Transportation, Tollers, and Warehousing teams, identifying and addressing potential issues that could impact operations."
PPG,Maintenance Project Manager,Maintenance Project Manager,s and capital project initiatives within the facility,"Gainesville, Texas, United States of America Operations Category Manufacturing Job Type Full time Job Id JR265768 Apply Now Save job Back to search results As the Maintenance Project Manager, you will lead all maintenance functions and capital project initiatives within the facility",,,Full Time,https://careers.ppg.com/us/en/job/JR265768/Maintenance-Project-Manager,"Bachelor's degree in any Engineering discipline., 7 + years' of experience in operation maintenance or engineering field with 3 + years of supervisory role in the department., Experience with planning, scheduling and leading projects., Able to use Auto Desk or equivalent software, Experience with CMMS, SAP, Maximo, MicroMain, etc.","As the Maintenance Project Manager, you will lead all maintenance functions and capital project initiatives within the facility. You will ensure equipment reliability, minimizes downtime drive continuous improvement and manage the planning and execution of capital projects."
PPG,Technical Demonstrator,Technical Demonstrator,"in winning new and retaining existing business, demonstrating the benefits of using PPG over competitor brands, i","Morningside, Queensland, Australia Automotive Refinish Category Sales",,,Full Time,https://careers.ppg.com/us/en/job/JR266095/Technical-Demonstrator,"Our employee benefits programs are designed to support the health and well-being of our employees. Any insurance coverages and benefits will be in accordance with the terms and conditions of the applicable plans and associated governing plan documents. Benefits will be discussed with you by your recruiter during the hiring process., PPG values your feedback on our recruiting process. We encourage you to visit Glassdoor.com and provide feedback on the process, so that we can do better today than yesterday., Explore Location, Apply Now, Save job, Get notified for similar jobs, Sign up to receive job alerts, Enter Email address (Required), By checking this box, I consent to receive transactional and marketing text messages regarding employment opportunities., I have read and accept the privacy policy and terms of use. *","PPG is an American Fortune 500 company and global supplier of paints, coatings, and specialty materials. We are currently seeking a Technical Demonstrator to join our Automotive Refinish business in Queensland. The successful candidate will be responsible for providing pre-and-post sales technical support and demonstrations for customers."
PPG,Operador A / Operador A Mtto,Operador A / Operador A Mtto,,"Acolman, M",,,Full Time,https://careers.ppg.com/us/en/job/JR266183/Operador-A-Operador-A-Mtto,"Our employee benefits programs are designed to support the health and well-being of our employees. Any insurance coverages and benefits will be in accordance with the terms and conditions of the applicable plans and associated governing plan documents. Benefits will be discussed with you by your recruiter during the hiring process., PPG values your feedback on our recruiting process. We encourage you to visit Glassdoor.com and provide feedback on the process, so that we can do better today than yesterday., Explore Location, Apply Now, Save job, Get notified for similar jobs, Sign up to receive job alerts, Enter Email address (Required), By checking this box, I consent to receive transactional and marketing text messages regarding employment opportunities., I have read and accept the privacy policy and terms of use. *","En PPG hacemos que las cosas sucedan, buscamos candidatos con la mayor integridad y profesionalismo, que compartan nuestros valores, compromiso y empuje para hacer las cosas hoy mejor que ayer – todos los días."
PPG,Material Handler,Material Handler,and follow all safety procedures,"Oak Creek, Wisconsin, United States of America Operations Category Supply Chain",,,,https://careers.ppg.com/us/en/job/JR266413/Material-Handler,"Experience with forklifts., Ability to lift up to 50 lbs and work on feet for long periods., Attention to detail and reliable work habits., Basic computer or scanner skills.","Material Handler - 1st shift, Oak Creek, WI"
jpmorgan,Client Success Senior Associate - Tech/Startup Banking,Client Success Senior Associate - Tech/Startup Banking,"Commercial & Investment Bank Posting Date 06/06/2026, 02","s 8181 Communications Pkwy Bldg B, Plano, TX, 75024, US 4201 Congress St, Charlotte, NC, 28209, US 10 S Dearborn St, Chicago, IL, 60603, US 3 Park Plz, Irvine, CA, 92614, US 2118 E Elliot Rd, Tempe, AZ, 85284, US Job Schedule Full time Job Shift Day Base Pay/Salary Irvine,CA",on 04,On-Site,Full Time,https://jpmc.fa.oraclecloud.com/hcmUI/CandidateExperience/en/sites/CX_1001/job/210608348,"Bachelor’s degree and/or 3+ years of equivalent prior work experience in Business Operations / Client Services / Sales Support, Comprehensive knowledge of Treasury Products and Services, Proven client interaction skills to calibrate & manage client expectations, Proven proficiency in managing client problem resolution and delivering solutions; ability to mobilize internal resources to move quickly to resolve issues, Ability to motivate cross-functional teams and interact with all levels of the organization including senior management, sales, IT, operations and product management, banking, implementation, service, KYC, liquidity, merchant, card, credit, legal, compliance, etc., Working knowledge of Microsoft Office suite of products such as Project, Power-point and Excel, Demonstrated team building skills and ability to work in a team environment along with experience in managing conflict and adapting to change, Comfort in using technology such as WebEx, Zoom and other collaboration tools for enhanced client discussions",Be the hub of communication and help build deep and lasting relationships with our most complex Commercial Bank clients across the country.
jpmorgan,Equity Research - Utilities - Vice President,Equity Research - Utilities - Vice President,"Commercial & Investment Bank Posting Date 06/05/2026, 09","s 383 Madison Ave, New York, NY, 10179, US Job Schedule Full time Base Pay/Salary New York,NY",on 02,On-Site,Full Time,https://jpmc.fa.oraclecloud.com/hcmUI/CandidateExperience/en/sites/CX_1001/job/210663842,"Job Responsibilities, Build and maintain Excel-based models to forecast company financials and project industry dynamics, Perform detailed valuation work to support stock recommendations, Analyze complex data sets, news releases, regulatory filings, and industry events to shape your view of the industry and companies under coverage, Write research notes on covered companies and sector reports and prepare presentations, Build relationships and communicate effectively with internal and external clients, industry experts, and management teams, Fulfill client requests in a timely and thorough manner, Demonstrate intellectual curiosity and seek to generate ideas for differentiated research product, Required Qualifications, Capabilities and Skills, FINRA licenses Series 86 and Series 87","Are you intellectually curious, highly communicative, an efficient writer, and good at building relationships, triangulating data, and solving puzzles? You have found the right team!"
jpmorgan,Associate Banker- Multinational Corporations- Associate,Associate Banker- Multinational Corporations- Associate,"Commercial & Investment Bank Posting Date 06/06/2026, 05","s 560 Mission St, San Francisco, CA, 94105, US Job Schedule Full time Base Pay/Salary San Francisco,CA",on 05,On-Site,Full Time,https://jpmc.fa.oraclecloud.com/hcmUI/CandidateExperience/en/sites/CX_1001/job/210680657,"2+ years of direct lending or credit support experience, with a focus on business relationships, Understanding of Commercial Banking products and services, including credit, treasury, international banking, and FX solutions, Ability to mobilize internal networks and resources across lines of business and geographies, Proven track record of meeting or exceeding sales goals, Strong organizational skills; able to manage, prioritize, and meet tight deadlines under pressure, Excellent verbal and written communication skills, Strong interpersonal and influencing skills; able to build credibility and partnerships with senior business and control partners","Are you customer-focused, relationship-driven, and passionate about serving innovative companies? A role as a Commercial Banker is for you."
jpmorgan,Capital Markets lawyer – Vice President,Capital Markets lawyer – Vice President,"Corporate Sector Posting Date 06/05/2026, 03","s 25 Bank Street, Canary Wharf, London, Greater London, E14 5JP, GB Job Schedule Full time JOB DESCRIPTION The Legal Department at JPMorgan Chase manages legal and other risks, advises on products and services, interprets laws and regulations that impact the firm, and advises the firm on other matters",on 05,Hybrid,Full Time,https://jpmc.fa.oraclecloud.com/hcmUI/CandidateExperience/en/sites/CX_1001/job/210688002,"Strong analytical, problem-solving and execution skills. and results-driven, Ability to think laterally to identify and assess wider risks for the Firm, and to proactively work with the business and other control functions to find solutions, Ability to cope with a fast-paced, deadline-driven environment, Ability to work both independently and as a team player, proactively and multi-task, Excellent communication and negotiation skills, Keen interest in transactional, legal regulatory work, Must be able to demonstrate solid debt capital markets experience at a law firm or an in-house legal team at an investment bank., Lawyer must be licensed to practice law and a member in good standing in the state/jurisdiction in which the position is based or otherwise in compliance with the in-house counsel registration rules of that state/jurisdiction.","The Legal Department at JPMorgan Chase manages legal and other risks, advises on products and services, interprets laws and regulations that impact the firm, and advises the firm on other matters. Our global team is made up of 2,000 lawyers and legal professionals with a reputation as thought leaders who deliver best-in-class services. As trusted advisors, we help the firm’s clients while also safeguarding the integrity of the firm. We are committed to a culture of inclusivity and belonging, where people can grow and succeed throughout their careers while working for a first-in-class financial institution doing cutting-edge work. If these values resonate with you, we would like to hear from you. The Capital Markets Practice Group for Europe, Middle East and Africa (EMEA) handles and advises on a broad portfolio of capital markets matters through a team located in London and Mumbai."
jpmorgan,Site Reliability Engineer III,Site Reliability Engineer III,"Corporate Sector Posting Date 06/06/2026, 04","s 545 Washington Blvd, Jersey City, NJ, 07310, US 600 Travis St, Houston, TX, 77002, US Job Schedule Full time Job Shift Day Base Pay/Salary Jersey City,NJ",on 06,On-Site,Full Time,https://jpmc.fa.oraclecloud.com/hcmUI/CandidateExperience/en/sites/CX_1001/job/210689758,"As a Site Reliability Engineer III at JPMorgan Chase within the [insert LOB or sub LOB], you will solve complex and broad business problems with simple and straightforward solutions. Through code and cloud infrastructure, you will configure, maintain, monitor, and optimize applications and their associated infrastructure to independently decompose and iteratively improve on existing solutions. You are a significant contributor to your team by sharing your knowledge of end-to-end operations, availability, reliability, and scalability of your application or platform., Job responsibilities, Guides and assists others in the areas of building appropriate level designs and gaining consensus from peers where appropriate, Collaborates with other software engineers and teams to design and implement deployment approaches using automated continuous integration and continuous delivery pipelines, Collaborates with other software engineers and teams to design, develop, test, and implement availability, reliability, scalability, and solutions in their applications, Implements infrastructure, configuration, and network as code for the applications and platforms in your remit, Collaborates with technical experts, key stakeholders, and team members to resolve complex problems, Understands service level indicators and utilizes service level objectives to proactively resolve issues before they impact customers, Supports the adoption of site reliability engineering best practices within your team, Required qualifications, capabilities, and skills",There’s nothing more exciting than being at the center of a rapidly growing field in technology and applying your skillsets to drive innovation and modernize the world's most complex and mission-critical systems.
jpmorgan,"Automated Trading Strategies, Associate","Automated Trading Strategies, Associate","Commercial & Investment Bank Posting Date 06/05/2026, 03","s CapitaSpring 88 Market Street, Singapore, 048948, SG Job Schedule Full time JOB DESCRIPTION Are you passionate about quantitative trading",on 01,,Full Time,https://jpmc.fa.oraclecloud.com/hcmUI/CandidateExperience/en/sites/CX_1001/job/210690987,"As an Associate in Automated Trading Strategies (ATS), you will be part of a global team of quantitative traders responsible for designing, implementing, and running automated systematic trading strategies across asset classes. You will focus on improving the pricing, risk management, and client distribution of our FX market-making business. In this role, you will use your research and development skills to implement strategies in production code and contribute to the day-to-day running of the business., Job Responsibilities, Produce innovative research on quantitative trading strategies, Use data-driven techniques and backtesting to demonstrate performance improvements, Implement strategies in production code and enhance trading software systems, Optimize client pricing distribution, Monitor performance and resolve day-to-day trading issues, Collaborate with other teams to identify opportunities for revenue growth, Required Qualifications, Capabilities, and Skills, Degree in mathematics, physics, engineering, computer science, or other quantitative subject","Are you passionate about quantitative trading? Join a global team where your research and development skills will directly impact our eFX market-making business. At JPMorganChase, you’ll collaborate with talented professionals, tackle complex challenges, and help shape the future of automated trading. This is your opportunity to make a meaningful contribution in a dynamic, fast-paced environment. Discover how you can grow your career and make a difference."
jpmorgan,"J.P. Morgan Wealth Management - Private Client Investment Associate - San Antonio, TX","J.P. Morgan Wealth Management - Private Client Investment Associate - San Antonio, TX","Consumer & Community Banking Posting Date 06/06/2026, 02","s 20855 Stone Oak Pkwy, San Antonio, TX, 78258, US Job Schedule Full time JOB DESCRIPTION At J",on 01,On-Site,Full Time,https://jpmc.fa.oraclecloud.com/hcmUI/CandidateExperience/en/sites/CX_1001/job/210700406,"A valid and active Series 7, If you were registered after October 1, 2018 you must also have a valid and active Securities Industry Essential (SIE) exam, A valid and active Series 66 (63/65), and Life and Health Insurance license must be obtained within 60 days of starting in the role as a condition of employment, INVESTMENT AND INSURANCE PRODUCTS ARE, NOT FDIC INSURED • NOT INSURED BY ANY FEDERAL GOVERNMENT AGENCY • NOT A DEPOSIT OR OTHER OBLIGATION OF, OR GUARANTEED BY, JPMORGAN CHASE BANK, N.A. OR ANY OF ITS AFFILIATES • SUBJECT TO INVESTMENT RISKS, INCLUDING POSSIBLE LOSS OF THE PRINCIPAL AMOUNT INVESTED, Investment products and services are offered through J.P. Morgan Securities LLC (JPMS), a registered broker-dealer and investment advisor, member of FINRA and SIPC. Annuities are made available through Chase Insurance Agency, Inc. (CIA), a licensed insurance agency, doing business as Chase Insurance Agency Services, Inc. in Florida. JPMS, CIA and JPMorgan Chase Bank, N.A. are affiliated companies under the common control of JPMorgan Chase & Co. Products not available in all states.","Chase is a leading financial services firm, helping nearly half of America’s households and small businesses achieve their financial goals through a broad range of financial products. Our mission is to create engaged, lifelong relationships and put our customers at the heart of everything we do. We also help small businesses, nonprofits and cities grow, delivering solutions to solve all their financial needs."
jpmorgan,"J.P. Morgan Wealth Management – Market Director of Wealth - Staten Island, NY","J.P. Morgan Wealth Management – Market Director of Wealth - Staten Island, NY","Consumer & Community Banking Posting Date 06/05/2026, 09","s 277 Park Ave, New York, NY, 10172, US Job Schedule Full time Base Pay/Salary Staten Island,NY",on 01,On-Site,Full Time,https://jpmc.fa.oraclecloud.com/hcmUI/CandidateExperience/en/sites/CX_1001/job/210702452,"At least 5 years of Advisor management experience required, coupled with a proven track record of developing and coaching high performing Advisor team, Ability to travel 50% of the time, A valid and active FINRA Series 7, 66 (or equivalent) is required, A valid and active FINRA Series 9/10 (or equivalent) is required and must be obtained or retained within a 60 day condition of employment, Proven ability to recruit, source and attract internal and external Advisor talent by building and maintaining personal network of contacts, High degree of investment services and product acumen and keen interest in the financial markets, Strong communication skills, attention to detail, excellent follow-through and a strong commitment to upholding a sound risk and controls environment","Chase is a leading financial services firm, helping nearly half of America’s households and small businesses achieve their financial goals through a broad range of financial products. Our mission is to create engaged, lifelong relationships and put our customers at the heart of everything we do. We also help small businesses, nonprofits and cities grow, delivering solutions to solve all their financial needs."
jpmorgan,Hiring Event - Part Time Associate Banker Fresno (30 Hours),Hiring Event - Part Time Associate Banker Fresno (30 Hours),"Consumer & Community Banking Posting Date 06/06/2026, 08","s 796 E Shaw Ave, Fresno, CA, 93710, US Job Schedule Part time Job Shift Variable Base Pay/Salary Fresno,CA",on 06,On-Site,Part Time,https://jpmc.fa.oraclecloud.com/hcmUI/CandidateExperience/en/sites/CX_1001/job/210703818,"Ability to put clients first and exceed their expectations – delivering attentive and friendly service, creating a welcoming environment., Ability to build trusted relationships – demonstrating genuine care and concern during interactions with clients., Ability to engage clients – communicating clearly and politely to understand and help, anticipating client needs., Ability to quickly and effectively resolve client issues with attention to detail – providing a consistent client experience., Ability to elevate the client experience – working collaboratively as a team to deliver seamless service with care and sincerity., Ability to quickly and accurately learn products, services, and procedures., Client service experience or comparable experience., High school diploma or GED equivalent.","This position is subject to Section 19 of the Federal Deposit Insurance Act. As such, an employment offer for this position is contingent on JPMorganChase’s review of criminal conviction history, including pretrial diversions or program entries."
jpmorgan,Hiring Event - Part Time Associate Banker North San Jose (30 Hours),Hiring Event - Part Time Associate Banker North San Jose (30 Hours),"Consumer & Community Banking Posting Date 06/06/2026, 08","s 1499 Berryessa Rd, San Jose, CA, 95133, US Job Schedule Part time Job Shift Variable Base Pay/Salary San Jose,CA",on 05,On-Site,Part Time,https://jpmc.fa.oraclecloud.com/hcmUI/CandidateExperience/en/sites/CX_1001/job/210703827,"Ability to put clients first and exceed their expectations – delivering attentive and friendly service, creating a welcoming environment., Ability to build trusted relationships – demonstrating genuine care and concern during interactions with clients., Ability to engage clients – communicating clearly and politely to understand and help, anticipating client needs., Ability to quickly and effectively resolve client issues with attention to detail – providing a consistent client experience., Ability to elevate the client experience – working collaboratively as a team to deliver seamless service with care and sincerity., Ability to quickly and accurately learn products, services, and procedures., Client service experience or comparable experience., High school diploma or GED equivalent.","This position is subject to Section 19 of the Federal Deposit Insurance Act. As such, an employment offer for this position is contingent on JPMorganChase’s review of criminal conviction history, including pretrial diversions or program entries."
jpmorgan,Part Time Associate Banker Austin South (30 hours),Part Time Associate Banker Austin South (30 hours),"Consumer & Community Banking Posting Date 06/05/2026, 08","s 6600 S Mopac Expy, Ste 1000, Austin, TX, 78749, US Apply Before 06/09/2026, 12",on 05,On-Site,Part Time,https://jpmc.fa.oraclecloud.com/hcmUI/CandidateExperience/en/sites/CX_1001/job/210708049,"Ability to put clients first and exceed their expectations – delivering attentive and friendly service, creating a welcoming environment., Ability to build trusted relationships – demonstrating genuine care and concern during interactions with clients., Ability to engage clients – communicating clearly and politely to understand and help, anticipating client needs., Ability to quickly and effectively resolve client issues with attention to detail – providing a consistent client experience., Ability to elevate the client experience – working collaboratively as a team to deliver seamless service with care and sincerity., Ability to quickly and accurately learn products, services, and procedures., Client service experience or comparable experience., High school diploma or GED equivalent.","Chase is a leading financial services firm, helping nearly half of America’s households and small businesses achieve their financial goals through a broad range of financial products. Our mission is to create engaged, lifelong relationships and put our customers at the heart of everything we do. We also help small businesses, nonprofits and cities grow, delivering solutions to solve all their financial needs."
jpmorgan,Part Time Associate Banker Portland West (30 hours),Part Time Associate Banker Portland West (30 hours),"Consumer & Community Banking Posting Date 06/06/2026, 01","s 3475 SW Cedar Hills Blvd, Beaverton, OR, 97005, US Job Schedule Part time Job Shift Variable JOB DESCRIPTION At Chase, we are passionate about creating memorable experiences for our clients and employees, making them feel welcomed, valued, and understood",on 06,On-Site,Part Time,https://jpmc.fa.oraclecloud.com/hcmUI/CandidateExperience/en/sites/CX_1001/job/210708446,"Ability to put clients first and exceed their expectations – delivering attentive and friendly service, creating a welcoming environment., Ability to build trusted relationships – demonstrating genuine care and concern during interactions with clients., Ability to engage clients – communicating clearly and politely to understand and help, anticipating client needs., Ability to quickly and effectively resolve client issues with attention to detail – providing a consistent client experience., Ability to elevate the client experience – working collaboratively as a team to deliver seamless service with care and sincerity., Ability to quickly and accurately learn products, services, and procedures., Client service experience or comparable experience., High school diploma or GED equivalent.","Chase is a leading financial services firm, helping nearly half of America’s households and small businesses achieve their financial goals through a broad range of financial products. Our mission is to create engaged, lifelong relationships and put our customers at the heart of everything we do. We also help small businesses, nonprofits and cities grow, delivering solutions to solve all their financial needs."
jpmorgan,Principal Technical Program Manager - AI/ML Engineering,Principal Technical Program Manager - AI/ML Engineering,"Corporate Sector Posting Date 06/06/2026, 04","s 277 Park Ave, New York, NY, 10172, US Job Schedule Full time Base Pay/Salary Jersey City,NJ",on 03,On-Site,Full Time,https://jpmc.fa.oraclecloud.com/hcmUI/CandidateExperience/en/sites/CX_1001/job/210710181,"Job responsibilities, Develop and implement strategic technical program plans, aligning with organizational goals and cross-functional collaboration, Oversee complex technology project and program execution, managing resources, budgets, and timelines while mitigating risks and addressing roadblocks, Foster strong relationships with stakeholders, clients, and cross-functional teams, providing direction and defining decision-making procedures for beneficial outcomes, Guide the selection and implementation of appropriate technologies, platforms and software tools leveraging advanced technical fluency, Champion continuous improvement by identifying process optimization opportunities, incorporating best practices, and staying abreast of emerging technologies, Engage, influence, and drive delivery of multiple AI initiatives with cross-functional, cross-product, and cross-line of business stakeholders., Synthesize findings into clear, concise, customer-focused problem statements, recommendations, business cases, analysis, plans of action, and risk assessments, Drive organizational structure, efficiency, and improvement of operational practices., Required qualifications, capabilities, and skills","Leverage your deep technical expertise and leadership to guide cutting-edge projects, fostering growth and innovation in a dynamic environment."
jpmorgan,Experience Design Senior Associate,Experience Design Senior Associate,"Consumer & Community Banking Posting Date 06/05/2026, 11","s 880 Powder Mill Rd, Wilmington, DE, 19803, US 450 W 33rd St, New York, NY, 10001, US Job Schedule Full time Base Pay/Salary New York,NY",on 05,On-Site,Full Time,https://jpmc.fa.oraclecloud.com/hcmUI/CandidateExperience/en/sites/CX_1001/job/210710784,"3+ years in a user experience design or equivalent role dedicated to improving experiences with digital products and services, Proven ability to create visually appealing and functional designs using industry-standard tools (e.g., Figma, Sketch, or Adobe Creative Suite), Demonstrated experience in designing and optimizing user experiences across multiple platforms, including web, mobile, and other digital channels, Previous experience interpreting complex data and transforming it into actionable insights for informed decision-making, Proficient understanding of inclusive design principles, accessibility guidelines, and assistive technologies, with a history of creating accessible and inclusive digital experiences","Contribute to innovative experience design, blending user needs with business goals in the dynamic environment of financial services."
jpmorgan,Senior Manager of Site Reliability Engineering,Senior Manager of Site Reliability Engineering,"Corporate Sector Posting Date 06/06/2026, 04","s 545 Washington Blvd, Jersey City, NJ, 07310, US Job Schedule Full time Base Pay/Salary Jersey City,NJ",on 06,On-Site,Full Time,https://jpmc.fa.oraclecloud.com/hcmUI/CandidateExperience/en/sites/CX_1001/job/210711784,"Formal training or certification on software engineering concepts and 5+ years applied experience, Advanced proficiency in site reliability culture and principles and can demonstrate how to implement site reliability across application and platform teams while avoiding common pitfalls, Experience leading technologists to manage and solve complex technological issues at a firmwide level, Ability to influence the team’s culture by championing innovation and change for success, Experience hiring, developing, and recognizing talent, Proficiency in at least one programming language (e.g., Python, Java Spring Boot, .Net, etc.), Demonstrated proficiency in software applications and technical processes within a technical discipline (e.g., cloud, artificial intelligence, machine learning, mobile, etc.), Proficiency in continuous integration and continuous delivery tools (e.g., Jenkins, GitLab, Terraform, etc.), Experience with container and container orchestration (e.g., ECS, Kubernetes, Docker, etc.), Experience with troubleshooting common networking technologies and issues","Guide and shape the future of technology at a globally recognized firm, driven by pride in ownership."
jpmorgan,Product Delivery Manager - Machine Learning & Intelligent Ops,Product Delivery Manager - Machine Learning & Intelligent Ops,"Consumer & Community Banking Posting Date 06/05/2026, 05","s MAGMA,UNIT-1,PHASE-IV,SY NO",,,Full Time,https://jpmc.fa.oraclecloud.com/hcmUI/CandidateExperience/en/sites/CX_1001/job/210712183,"BS/BA degree or equivalent experience, Expert knowledge in all business processes across an entire line of business, as well expertise in other lines of business and technology disciplines, Strong understanding of firmwide risk and controls, Understanding of global and line of business project and program management standards and methods, Experience working with high-performing teams in complex program execution, Strong understanding of Agile methods; stakeholder management; budget management, risk management and operations, Ability to create and maintain relationships with a wide range of stakeholders throughout the firm, Excellent verbal and written communication skills, Open to change, with the ability to quickly learn new processes and adapt in a fast paced-environment, Self-starter with strong initiative","You thrive at managing complex programs that have far-reaching implications for clients, employees, and stakeholders throughout the firm. This is the role for you!"
jpmorgan,Applied AI ML Director,Applied AI ML Director,"Consumer & Community Banking Posting Date 06/06/2026, 07","s MAGMA,UNIT-1,PHASE-IV,SY NO",on 06,,Full Time,https://jpmc.fa.oraclecloud.com/hcmUI/CandidateExperience/en/sites/CX_1001/job/210735649,"Deep, hands-on proficiency in Java and Python with extensive experience designing, building, and deploying AI/ML solutions in production environments., Demonstrated expertise in Agentic AI, Retrieval-Augmented Generation (RAG), large language model integration, prompt engineering, and related modern AI architectures., Proven track record of leading and influencing cross-country engineering projects through collaboration and technical authority — not just management., Ability to rapidly translate complex business problems into pragmatic, scalable AI/ML solutions with measurable outcomes., Experience driving engineering productivity improvements through AI-powered tooling, automation, and modern development practices., Exceptional ability to explain complex technical concepts clearly, craft compelling technical narratives, and influence senior stakeholders and engineering teams alike., Relentless focus on raising the bar — improving product efficiency, system health, and team capabilities through sustained technical contributions., A portfolio of tangible results showing how your technical leadership improved product quality, engineering velocity, or business performance.","We're seeking top talents to develop high-quality machine learning models, services, and scalable data processing pipelines."
jpmorgan,Payments - Cross Currency Solutions Sales - Vice President,Payments - Cross Currency Solutions Sales - Vice President,"Commercial & Investment Bank Posting Date 06/06/2026, 11","s 25 Bank Street, Canary Wharf, London, Greater London, E14 5JP, GB Apply Before 07/10/2026, 12",on 03,,Full Time,https://jpmc.fa.oraclecloud.com/hcmUI/CandidateExperience/en/sites/CX_1001/job/210741294,"As a Cross Currency Solutions Sales Vice President in Cross Currency Solutions team, you are an integral part of a team that defines and configures FX solutions for key client relationships and prospect opportunities in partnership with the stakeholder teams. You are responsible for acting as the voice of the customer by understanding their needs and providing tailormade solutions in conjunction with the Product teams., Job responsibilities, Develop and execute a strategy for growing the cross-currency payments P&L in EMEA to meet P&L and new business targets, Collaborate with Sales, Banking, and Markets partners in the region to develop client pipelines, account plans, product-market fit and marketing collateral, Manage the pipeline effectively, including target list development, execution from pre-sales to mandate acquisition, deal closure, and reporting to senior management, Develop compelling segment specific value propositions and proposals that will also drive marketing efforts, Lead solutioning and the adoption of existing and upcoming client-facing products and capabilities while defining and configuring optimal solutions that address clients’ needs and objectives, Serve as a subject matter expert on cross-currency preposition in JP Morgan on a defined set of products and capabilities with a deep understanding of our clients’ needs and current FX and payments industry trends, Coordinate with Cross Currency Product & Solutions teams in other regions to address global client needs and adoption of best practices across regions, Required qualifications, capabilities, and skills","Leverage your problem-solving skills as a key member of the EMEA Cross Currency Solutions team to thrive in a fast-paced environment and drive customer-centric strategies. As a leader in solutioning, collaborate closely with the Sales teams to deliver tailor-made product solutions that meet clients’ needs."
jpmorgan,Global Investment Banking - DCM - Analyst/Associate,Global Investment Banking - DCM - Analyst/Associate,"Commercial & Investment Bank Posting Date 06/06/2026, 08","s Marunouchi 2-7-3, Chiyoda-ku, Tokyo, JP-13, 1006432, JP Job Schedule Full time Job Shift Day JOB DESCRIPTION We are the industry leading team, with top league table for non-JPY bond underwriting of Japan",on 04,,Full Time,https://jpmc.fa.oraclecloud.com/hcmUI/CandidateExperience/en/sites/CX_1001/job/210754743,"Enthusiasm with an eagerness to learn and apply new knowledge, absorb and digest market intelligence on a daily basis, Strong research skills and ability to tie big picture view of the markets, High meets expectations of attention to details, Strong project management skills (ability to successfully prioritize and deliver competing requirements), Impeccable communication details with the ability to effectively interact with senior professionals, clients and key stakeholders in other line of business, in both Japanese and English, Self-directed, highly motivated, and able to work independently, Strong skills in Excel, Word and PowerPoint","We are the industry leading team, with top league table for non-JPY bond underwriting of Japan’s leading corporates and financial institutions."
jpmorgan,"J.P. Morgan Wealth Management – Vice President, Client Welcome Group Team Lead","J.P. Morgan Wealth Management – Vice President, Client Welcome Group Team Lead","Lead Chicago, IL, United States APPLY NOW JOB INFORMATION Job Identification 210756168 Job Category Specialty Operations Business Unit Asset & Wealth Management Posting Date 06/06/2026, 08","s 10 S Dearborn St, Chicago, IL, 60603, US Job Schedule Full time Base Pay/Salary Chicago,IL",on 06,On-Site,Full Time,https://jpmc.fa.oraclecloud.com/hcmUI/CandidateExperience/en/sites/CX_1001/job/210756168,"Identify opportunities to attract and recruit Client Development Professionals, Ensure talent and performance strategies are in place to coach, develop and promote Client Development Professionals, including performing call monitoring reviews to ensure quality interactions, Set the tone of commitment to diversity and inclusion, Create a culture of risk and control that acts with appropriate understanding and urgency; with ultimate responsibility to safeguard our customers and our business, Required qualifications, capabilities and skills, A valid and active Series 7 and Series 66 license is required - If you were registered after October 1, 2018 you must also have a valid and active Securities Industry Essential (SIE) exam, FINRA Series 9/10 (or equivalent) is required or ability to obtain within 60 days of starting in the role as a condition of employment, Leadership and People Development experience required with a proven track record of developing and coaching high performing teams, Proven ability to recruit, source and attract internal and external talent by building and maintaining personal network of contacts, High degree of investment services and product acumen and keen interest in the financial markets","At J.P. Morgan Wealth Management, we have an enthusiasm for helping our clients, building relationships, and delivering extraordinary customer service while maintaining a strong commitment to diversity and inclusion."
jpmorgan,"J.P. Morgan Wealth Management - Vice President, Business Transformation, Project Manager","J.P. Morgan Wealth Management - Vice President, Business Transformation, Project Manager","Asset & Wealth Management Posting Date 06/06/2026, 09","s 277 Park Ave, New York, NY, 10172, US 1111 Polaris Pkwy, Columbus, OH, 43240, US Job Schedule Full time Base Pay/Salary New York,NY",on 04,On-Site,Full Time,https://jpmc.fa.oraclecloud.com/hcmUI/CandidateExperience/en/sites/CX_1001/job/210756171,"Minimum of 6 years of experience in management / operational consulting, process improvement (mapping and assessment), Demonstrated experience driving large scale, complex projects (planning, designing, documenting, communicating), High proficiency in leading program work streams and cross-functional working groups in a matrix organization, Familiarity with end-to-end bank infrastructure, including advisors, client service, product, technology, operations and controls, Outstanding communication and presentation skills","Business Transformation Office drives and executes critical change initiatives that create tangible value for clients and advisors in the $6B+ revenue Wealth Management business. Our transformation programs are sponsored by C-suite executives and span growth, regulatory, and location strategy. The team works cross-functionally with Senior Management, Front Office Advisors, Product Specialists, Legal, Risk, Compliance, Operations, Marketing, and Technology to implement complex, transformational change."
jpmorgan,"Private Client Banker (Bilingual English and Mandarin Required) - Downtown Flushing - Flushing, NY","Private Client Banker (Bilingual English and Mandarin Required) - Downtown Flushing - Flushing, NY","Consumer & Community Banking Posting Date 06/07/2026, 01","s 39-01 Main St, Flushing, NY, 11354, US Job Schedule Full time Base Pay/Salary Flushing,NY",on 06,On-Site,Full Time,https://jpmc.fa.oraclecloud.com/hcmUI/CandidateExperience/en/sites/CX_1001/job/210756299,"Demonstrated success using a value-added, relationship-oriented approach to acquire and deepen client relationships, 1+ year Branch Banking Banker or equivalent experience in financial services, with verifiable success in new client acquisition, cultivating, and maintaining customer relationships and revenue generation, Beginning Oct. 1, 2018, if you are not currently registered, the Securities Industry Essential (SIE) exam, FINRA Series 6/7, state registration (including 63 or 66 if required) and Life licenses are required - or must be successfully completed within 180 days of starting the role, Compliance with Dodd Frank/Truth in Lending Act*, High school degree, GED, or foreign equivalent, Adherence to policies, procedures, and regulatory banking requirements, Ability to work branch hours, including weekends and some evenings","You have a passion for taking care of our customers and employees and making them feel welcomed and valued by building lasting relationships, doing the right thing, exceeding expectations and having a strong commitment to diversity and inclusion. Here at Chase, you will have the opportunity to help people experience our Customer Promise -- helping people make the most of their money so they can make the most of their lives by providing education and advice tailored to suit their financial needs."
jpmorgan,Branch Manager -Ft. Collins/Loveland/Longmont/Greeley - NORTHERN CO MARKET,Branch Manager -Ft. Collins/Loveland/Longmont/Greeley - NORTHERN CO MARKET,"Consumer & Community Banking Posting Date 06/06/2026, 11","s 1864 N College Ave, Fort Collins, CO, 80524, US Apply Before 07/06/2026, 01",on 05,On-Site,Full Time,https://jpmc.fa.oraclecloud.com/hcmUI/CandidateExperience/en/sites/CX_1001/job/210756385,"Forge meaningful relationships with local businesses to strengthen our branch presence and actively engage with the community., Ensure a strong risk and control environment by using sound judgment, acting with integrity, and protecting our company and clients, following policies and procedures., Required qualifications, capabilities, and skills, You have a passion for creating exceptional experiences and a knack for setting the tone in the branch, ensuring every client feels valued and every team member is part of a dynamic and engaging culture., You have outstanding leadership skills that shine through your proven track record of coaching and empowering employees, helping them achieve remarkable results and grow in their roles., You are a master of multitasking, excelling at organizing and managing competing priorities in the branch, always with an eye on developing plans for growth and success., You thrive in a fast-paced, changing environment, using your strong decision-making skills to navigate challenges and lead the team confidently., You are experienced in creating and maintaining a strong risk and control environment, you demonstrate a steadfast commitment to operational integrity and adherence to policies., You have a strong desire and ability to influence, educate, and connect your team, partners, and clients with technology, making it accessible and exciting for everyone involved., You have 2+ years of management, Retail Banking, or equivalent Chase leadership experience.","Chase is a leading financial services firm, helping nearly half of America’s households and small businesses achieve their financial goals through a broad range of financial products. Our mission is to create engaged, lifelong relationships and put our customers at the heart of everything we do. We also help small businesses, nonprofits and cities grow, delivering solutions to solve all their financial needs."
jpmorgan,"Private Client Banker - I25 & 136th - Westminster, CO - CO METRO NORTHWEST","Private Client Banker - I25 & 136th - Westminster, CO - CO METRO NORTHWEST","Consumer & Community Banking Posting Date 06/06/2026, 11","s 13620 Orchard Pkwy, Westminster, CO, 80023, US Apply Before 07/06/2026, 01",on 05,On-Site,Full Time,https://jpmc.fa.oraclecloud.com/hcmUI/CandidateExperience/en/sites/CX_1001/job/210756406,"Demonstrated success using a value-added, relationship-oriented approach to acquire and deepen client relationships, 1+ year Branch Banking Banker or equivalent experience in financial services, with verifiable success in new client acquisition, cultivating, and maintaining customer relationships and revenue generation, Beginning Oct. 1, 2018, if you are not currently registered, the Securities Industry Essential (SIE) exam, FINRA Series 6/7, state registration (including 63 or 66 if required) and Life licenses are required - or must be successfully completed within 180 days of starting the role, Compliance with Dodd Frank/Truth in Lending Act*, High school degree, GED, or foreign equivalent, Adherence to policies, procedures, and regulatory banking requirements, Ability to work branch hours, including weekends and some evenings","You have a passion for taking care of our customers and employees and making them feel welcomed and valued by building lasting relationships, doing the right thing, exceeding expectations and having a strong commitment to diversity and inclusion. Here at Chase, you will have the opportunity to help people experience our Customer Promise -- helping people make the most of their money so they can make the most of their lives by providing education and advice tailored to suit their financial needs."
jpmorgan,Branch Manager SPANISH REQUIRED - CO Metro North,Branch Manager SPANISH REQUIRED - CO Metro North,"Consumer & Community Banking Posting Date 06/06/2026, 10","s 7301 N Federal Blvd, Westminster, CO, 80030, US Apply Before 07/06/2026, 01",on 05,On-Site,Full Time,https://jpmc.fa.oraclecloud.com/hcmUI/CandidateExperience/en/sites/CX_1001/job/210756561,"Forge meaningful relationships with local businesses to strengthen our branch presence and actively engage with the community., Ensure a strong risk and control environment by using sound judgment, acting with integrity, and protecting our company and clients, following policies and procedures., Required qualifications, capabilities, and skills, You have a passion for creating exceptional experiences and a knack for setting the tone in the branch, ensuring every client feels valued and every team member is part of a dynamic and engaging culture., You have outstanding leadership skills that shine through your proven track record of coaching and empowering employees, helping them achieve remarkable results and grow in their roles., You are a master of multitasking, excelling at organizing and managing competing priorities in the branch, always with an eye on developing plans for growth and success., You thrive in a fast-paced, changing environment, using your strong decision-making skills to navigate challenges and lead the team confidently., You are experienced in creating and maintaining a strong risk and control environment, you demonstrate a steadfast commitment to operational integrity and adherence to policies., You have a strong desire and ability to influence, educate, and connect your team, partners, and clients with technology, making it accessible and exciting for everyone involved., You have 2+ years of management, Retail Banking, or equivalent Chase leadership experience.","Chase is a leading financial services firm, helping nearly half of America’s households and small businesses achieve their financial goals through a broad range of financial products. Our mission is to create engaged, lifelong relationships and put our customers at the heart of everything we do. We also help small businesses, nonprofits and cities grow, delivering solutions to solve all their financial needs."
jpmorgan,Part Time Associate Banker Long Island Northwest (30 Hours),Part Time Associate Banker Long Island Northwest (30 Hours),"Consumer & Community Banking Posting Date 06/06/2026, 05","s 115 Main St, Port Washington, NY, 11050, US Job Schedule Part time Job Shift Variable Base Pay/Salary Port Washington,NY",on 06,On-Site,Part Time,https://jpmc.fa.oraclecloud.com/hcmUI/CandidateExperience/en/sites/CX_1001/job/210714104,"Ability to put clients first and exceed their expectations – delivering attentive and friendly service, creating a welcoming environment., Ability to build trusted relationships – demonstrating genuine care and concern during interactions with clients., Ability to engage clients – communicating clearly and politely to understand and help, anticipating client needs., Ability to quickly and effectively resolve client issues with attention to detail – providing a consistent client experience., Ability to elevate the client experience – working collaboratively as a team to deliver seamless service with care and sincerity., Ability to quickly and accurately learn products, services, and procedures., Client service experience or comparable experience., High school diploma or GED equivalent.","Chase is a leading financial services firm, helping nearly half of America’s households and small businesses achieve their financial goals through a broad range of financial products. Our mission is to create engaged, lifelong relationships and put our customers at the heart of everything we do. We also help small businesses, nonprofits and cities grow, delivering solutions to solve all their financial needs."
jpmorgan,Part Time (30 Hours) Associate Banker Bilingual Required English and Russian (Brooklyn South),Part Time (30 Hours) Associate Banker Bilingual Required English and Russian (Brooklyn South),"Consumer & Community Banking Posting Date 06/06/2026, 06","s 1663 E 17th St, Brooklyn, NY, 11229, US Job Schedule Part time Job Shift Variable Base Pay/Salary Brooklyn,NY",on 05,On-Site,Part Time,https://jpmc.fa.oraclecloud.com/hcmUI/CandidateExperience/en/sites/CX_1001/job/210714196,"Ability to put clients first and exceed their expectations – delivering attentive and friendly service, creating a welcoming environment., Ability to build trusted relationships – demonstrating genuine care and concern during interactions with clients., Ability to engage clients – communicating clearly and politely to understand and help, anticipating client needs., Ability to quickly and effectively resolve client issues with attention to detail – providing a consistent client experience., Ability to elevate the client experience – working collaboratively as a team to deliver seamless service with care and sincerity., Ability to quickly and accurately learn products, services, and procedures., Client service experience or comparable experience., High school diploma or GED equivalent., Reading and speaking in both English and Russian is required for this role.","Chase is a leading financial services firm, helping nearly half of America’s households and small businesses achieve their financial goals through a broad range of financial products. Our mission is to create engaged, lifelong relationships and put our customers at the heart of everything we do. We also help small businesses, nonprofits and cities grow, delivering solutions to solve all their financial needs."
jpmorgan,Part Time Associate Banker South Central Queens (30 Hours),Part Time Associate Banker South Central Queens (30 Hours),"Consumer & Community Banking Posting Date 06/06/2026, 04","s 184-01 Hillside Ave, Jamaica, NY, 11432, US Apply Before 06/10/2026, 12",on 06,On-Site,Part Time,https://jpmc.fa.oraclecloud.com/hcmUI/CandidateExperience/en/sites/CX_1001/job/210714230,"Ability to put clients first and exceed their expectations – delivering attentive and friendly service, creating a welcoming environment., Ability to build trusted relationships – demonstrating genuine care and concern during interactions with clients., Ability to engage clients – communicating clearly and politely to understand and help, anticipating client needs., Ability to quickly and effectively resolve client issues with attention to detail – providing a consistent client experience., Ability to elevate the client experience – working collaboratively as a team to deliver seamless service with care and sincerity., Ability to quickly and accurately learn products, services, and procedures., Client service experience or comparable experience., High school diploma or GED equivalent.","Chase is a leading financial services firm, helping nearly half of America’s households and small businesses achieve their financial goals through a broad range of financial products. Our mission is to create engaged, lifelong relationships and put our customers at the heart of everything we do. We also help small businesses, nonprofits and cities grow, delivering solutions to solve all their financial needs."
jpmorgan,Part Time Associate Banker Western Queens (30 Hours),Part Time Associate Banker Western Queens (30 Hours),"Consumer & Community Banking Posting Date 06/06/2026, 07","s 97-41 Queens Blvd, Rego Park, NY, 11374, US Apply Before 06/08/2026, 12",on 06,On-Site,Part Time,https://jpmc.fa.oraclecloud.com/hcmUI/CandidateExperience/en/sites/CX_1001/job/210714237,"Ability to put clients first and exceed their expectations – delivering attentive and friendly service, creating a welcoming environment., Ability to build trusted relationships – demonstrating genuine care and concern during interactions with clients., Ability to engage clients – communicating clearly and politely to understand and help, anticipating client needs., Ability to quickly and effectively resolve client issues with attention to detail – providing a consistent client experience., Ability to elevate the client experience – working collaboratively as a team to deliver seamless service with care and sincerity., Ability to quickly and accurately learn products, services, and procedures., Client service experience or comparable experience., High school diploma or GED equivalent.","Chase is a leading financial services firm, helping nearly half of America’s households and small businesses achieve their financial goals through a broad range of financial products. Our mission is to create engaged, lifelong relationships and put our customers at the heart of everything we do. We also help small businesses, nonprofits and cities grow, delivering solutions to solve all their financial needs."
jpmorgan,Part Time Associate Banker Detroit Metro West (30 Hours),Part Time Associate Banker Detroit Metro West (30 Hours),"Consumer & Community Banking Posting Date 06/06/2026, 05","s 2155 W Big Beaver Rd, Troy, MI, 48084, US Job Schedule Part time Job Shift Variable JOB DESCRIPTION At Chase, we are passionate about creating memorable experiences for our clients and employees, making them feel welcomed, valued, and understood",on 06,On-Site,Part Time,https://jpmc.fa.oraclecloud.com/hcmUI/CandidateExperience/en/sites/CX_1001/job/210715798,"Ability to put clients first and exceed their expectations – delivering attentive and friendly service, creating a welcoming environment., Ability to build trusted relationships – demonstrating genuine care and concern during interactions with clients., Ability to engage clients – communicating clearly and politely to understand and help, anticipating client needs., Ability to quickly and effectively resolve client issues with attention to detail – providing a consistent client experience., Ability to elevate the client experience – working collaboratively as a team to deliver seamless service with care and sincerity., Ability to quickly and accurately learn products, services, and procedures., Client service experience or comparable experience., High school diploma or GED equivalent.","Chase is a leading financial services firm, helping nearly half of America’s households and small businesses achieve their financial goals through a broad range of financial products. Our mission is to create engaged, lifelong relationships and put our customers at the heart of everything we do. We also help small businesses, nonprofits and cities grow, delivering solutions to solve all their financial needs."
jpmorgan,Senior Product Associate - Tokenization,Senior Product Associate - Tokenization,"Consumer & Community Banking Posting Date 06/05/2026, 02","s Block D, Parcel 8, Embassy Tech Village, Outer Ring Road, Devarabeesanahalli Village, Bengaluru, IN-KA, 560103, IN Apply Before 06/08/2026, 02",on 06,,Full Time,https://jpmc.fa.oraclecloud.com/hcmUI/CandidateExperience/en/sites/CX_1001/job/210716269,"3+ years of experience in product management, financial services, and digital., Passion for understanding customer needs and demonstrated ability to build digital products, Ability to think strategically and to connect the dots to the bigger picture, while still comfortable diving into the details required to ensure successful execution, Proven success in collaborating, influencing, and guiding decisions with multiple stakeholders, including team members across product, technology, and design, Strong understanding of product development using Agile / Scrum, Bachelor's degree or equivalent work experience","The Payments organization is a motivated, forward-thinking team comprised of high talent product managers with a singular focus of delivering innovative payment services via the most important platforms of today and tomorrow. We seek to transform customer experiences, simplify the ways we do business, and aim for product excellence. We value controls, simplicity, and consistency in the capabilities and features we deliver."
jpmorgan,"Global Investment Banking - Vice President, Hong Kong","Global Investment Banking - Vice President, Hong Kong","Commercial & Investment Bank Posting Date 06/05/2026, 11","s Chater House, 8 Connaught Road Central, Hong Kong, HKI, 999077, HK Apply Before 06/27/2026, 12",on 04,,Full Time,https://jpmc.fa.oraclecloud.com/hcmUI/CandidateExperience/en/sites/CX_1001/job/210716615,"Bachelor’s degree in Finance, Economics, Business, or a related discipline., Minimum of 6 years of relevant investment banking experience., Highly driven, detail-oriented, and diligent, with strong analytical, communication, and writing skills., Well-versed in ECM and M&A, with a track record of leading transaction execution., Ability to interact comfortably with clients and senior management., Self-directed, highly motivated, and able to work independently as well as in a team., Proficiency in Mandarin to communicate with Mandarin-speaking clients across the APAC region.","As a seasoned Investment Banking professional, you will have experience developing strong relationships with corporate and financial institution clients and working across a range of products. You will work on deals and transactions across the spectrum of our banking products, including mergers and acquisitions, equity and debt capital markets, divestitures, restructurings, and cross-border transactions."
jpmorgan,Lead Security Engineer - Python/AWS/Terraform,Lead Security Engineer - Python/AWS/Terraform,"Corporate Sector Posting Date 06/05/2026, 11","s 8181 Communications Pkwy Bldg F, Plano, TX, 75024, US Job Schedule Full time JOB DESCRIPTION Take on a crucial role where you",on 05,On-Site,Full Time,https://jpmc.fa.oraclecloud.com/hcmUI/CandidateExperience/en/sites/CX_1001/job/210717538,"Formal training or certification on software engineering concepts and 5+ years applied experience developing security engineering solutions., Skilled in planning, designing, and implementing enterprise level security solutions, Advanced in one or more programming languages, Proficient in all aspects of the Software Development Life Cycle, Advanced understanding of agile methodologies such as CI/CD, Application Resiliency, and Security, Experience with threat modeling, discovery, vulnerability, and penetration testing, In-depth knowledge of the financial services industry and their IT systems, Experience creating and handling CI/CD pipelines, application resiliency, and security., Experience with AWS services, including server-less solutions, ECS, EC2, Lambdas, API Gateway, Step Functions and storage services., Basic understanding of networking concepts, protocols, and security principles. Familiarity with firewalls, intrusion detection systems, and VPNs.",Take on a crucial role where you'll be a key part of a high-performing team delivering secure software solutions. Make a real impact as you help shape the future of software security at one of the world's largest and most influential companies.
jpmorgan,Vice President - Product Manager - Machine Learning & Intelligent Operations,Vice President - Product Manager - Machine Learning & Intelligent Operations,"Consumer & Community Banking Posting Date 06/05/2026, 05","s Nirlon Knowledge Park, Western Express Highway, Goregaon (East), Mumbai, IN-MH, 400063, IN Apply Before 06/11/2026, 12",on 03,,Full Time,https://jpmc.fa.oraclecloud.com/hcmUI/CandidateExperience/en/sites/CX_1001/job/210718253,"6+ years of experience in Technical Product Management, ideally with AI/ML-related products., Proven experience leading multi-disciplinary teams in a large, matrixed organization and fast-paced agile development environment., Demonstrated ability to make strategic decisions while candidly challenging the status quo to drive the right employee and customer outcomes., Applied experience in a variety of AI and machine learning techniques and technologies., Strong technical acumen: ability to independently manage large and complex relationships with internal technology partners., Ability to harness data and the power of analytics and customer insights for comprehensive strategy planning., Excellent communicator with the ability to fluidly interact with senior leaders, key stakeholders, employees, and third-party vendors.","Join JPMorgan Chase’s Machine Learning & Intelligent Operations (MLIO) team as a Vice President, Product Manager. Lead the charge in transforming customer service and personalization through innovative AI and machine learning solutions. Be part of a dynamic team dedicated to elevating both customer and employee experiences."
jpmorgan,Global Corporate Bank – Corporate Banker (FIG) – Vice-President,Global Corporate Bank – Corporate Banker (FIG) – Vice-President,"Commercial & Investment Bank Posting Date 06/05/2026, 03","s Marunouchi 2-7-3, Chiyoda-ku, Tokyo, JP-13, 1006432, JP Job Schedule Full time Job Shift Day JOB DESCRIPTION Be part of a team that values innovation and excellence and make a significant impact on our business and your career",on 12,,Full Time,https://jpmc.fa.oraclecloud.com/hcmUI/CandidateExperience/en/sites/CX_1001/job/210725927,"Tertiary qualification in a relevant discipline., Minimum 4 years of relationship management experience in banking., Proven track record of originating new business., Solid knowledge of flow derivatives, FX, Debt Capital Markets (DCM) products, transaction banking, and securities processing., Strong organizational and credit structuring/documentation skills., Team player with strong communication and interpersonal skills., Fluent in Japanese and business-level English.",Be part of a team that values innovation and excellence and make a significant impact on our business and your career.
jpmorgan,"Senior Lodging Associate, Chase Travel","Senior Lodging Associate, Chase Travel","Consumer & Community Banking Posting Date 06/06/2026, 05","s 450 W 33rd St, New York, NY, 10001, US Work At Home - Maryland, Silver Spring, MD, 20910, US Work At Home - Washington, Brush Prairie, WA, 98606, US Work At Home - Nevada, Las Vegas, NV, 89110, US Work At Home - Colorado, Monument, CO, 80132, US Work At Home - Minnesota, Minneapolis, MN, 55402, US Work At Home - Illinois, Lansing, IL, 60438, US Work At Home - District of Columbia, Washington, DC, 20001, US Work At Home - Rhode Island, Adamsville, RI, 02801, US Work At Home - Connecticut, New Canaan, CT, 06840, US Work At Home - New Jersey, East Windsor, NJ, 08520, US Work At Home - Hawaii, Haleiwa, HI, 96712, US Work At Home - California, Apple Valley, CA, 92308, US Job Schedule Full time Base Pay/Salary New York,NY",on 06,On-Site,Full Time,https://jpmc.fa.oraclecloud.com/hcmUI/CandidateExperience/en/sites/CX_1001/job/210726892,"Job Responsibilities, Manage day-to-day portfolio of hotels., Owns the program point contact for set hotel portfolios, Manages program onboarding, contract execution with hotel partners and legal teams, benefit negotiation and the collection of online content and imagery, Executes ongoing program communications, Review online imagery and content for hotel portfolio to ensure accuracy and a premium online presence, Sends out regular compliance scorecards to hotel and conduct results review as needed, Resolves escalations that prevent seamless cardmember experience at point of sale (off line and on-line) in an efficient and expedient manner, Manages ad-hoc projects as needed which will help improve processes and efficiencies across the team, Participates in annual hotel selections meetings to help identify new hotels to partner with","Chase Travel seeks a Sr. Lodging Account Associate to drive hotel conversion by expanding lodging programs and managing key travel partner relationships. The role builds trusted, cross‑functional partnerships and collaborates with internal and external stakeholders to deliver embedded travel and lifestyle benefits that enhance cardmember value. Core skills include relationship building, partner onboarding, project and stakeholder management and external communications. The ideal candidate is organized, strategic, and curious—able to negotiate and optimize partnerships, create efficient processes across lines of business, and thrive in a fast‑paced, dynamic environment to deliver exceptional travel experiences and measurable results."
jpmorgan,Quant Analytics Senior Associate,Quant Analytics Senior Associate,"Consumer & Community Banking Posting Date 06/05/2026, 06","s Parcel 9, Embassy Tech Village, Outer Ring Road, Deverabeesanhalli Village, Varthur Hobli, Bengaluru, IN-KA, 560103, IN Nirlon Knowledge Park, Western Express Highway, Goregaon (East), Mumbai, IN-MH, 400063, IN MAGMA,UNIT-1,PHASE-IV,SY NO",on 05,,Full Time,https://jpmc.fa.oraclecloud.com/hcmUI/CandidateExperience/en/sites/CX_1001/job/210727172,"Graduate or post-graduate degree in a quantitative discipline such as Computer Science, Statistics, Mathematics, Finance, Economics, Data Analytics, or Machine Learning, 6+ years of hands-on analytics experience in banking strategic analytics along with Python, SQL and visualization tool including Tableau & Alteryx., Hands on experience in Python, SQL and visualization tool including Tableau with machine learning frameworks, Strong statistical and econometric foundation with hands-on experience in pricing analytics, including elasticity estimation, A/B testing, causal inference, and experimentation frameworks, Solid skills in advanced analytics with SAS, Python, or R language, Excellent communication skills to translate and explain complex models with clear reason codes, influencing cross-functional stakeholders and senior leadership, Exposure to enterprise AI enablement, LLM-assisted workflows, or analytics transformation programs, Ability to evaluate opportunities to apply AI, GenAI, or intelligent automation to improve investigative analysis, control documentation, operating procedures, knowledge retrieval, issue summarization, and workflow efficiency, Familiarity with supervised learning, anomaly detection, semi-supervised learning, clustering, feature stores, calibration/threshold optimization, imbalanced learning, and pricing sensitivity evaluation","Join a team that unifies diverse talent to transform business outcomes through data governance, strategy, reporting, and advanced analytics."
jpmorgan,Technology Support Lead,Technology Support Lead,"Corporate Sector Posting Date 06/06/2026, 04","s 575 Washington Blvd, Jersey City, NJ, 07310, US Job Schedule Full time Base Pay/Salary Jersey City,NJ",on 04,On-Site,Full Time,https://jpmc.fa.oraclecloud.com/hcmUI/CandidateExperience/en/sites/CX_1001/job/210727443,"8+ years of experience or equivalent expertise troubleshooting, resolving, and maintaining information technology services, Experience managing applications or infrastructure in a large-scale technology environment both on premises and public cloud, Experience in observability and monitoring tools and techniques, setting them up for large scale applications and services., Incident management – experienced in production incident management, root cause analysis (RCA) and related follow ups to ensure closure of the issue, Role implies collaboration with all levels of seniority including the developers, business users and global production management teams., Hands on experience on scripting language, any programming language and debugging for production issue and system automations., Hands on experience with private/public cloud, Kubernetes or equivalent., Strong understanding of infrastructure costing, with the ability to apply tuning mechanisms that optimize both performance and cost efficiency., Experience with ServiceNow platforms",Propel operational success with your expertise in technology support and a commitment to continuous improvement.
jpmorgan,Senior Executive Assistant Supervisor,Senior Executive Assistant Supervisor,"Commercial & Investment Bank Posting Date 06/05/2026, 03","s 11th Avenue corner 36th Street Uptown Bonifacio, Taguig City, 1635, PH Job Schedule Full time JOB DESCRIPTION Join our dynamic team as a Lead Senior Executive Assistant, where you will play a pivotal role in supporting key senior executives to drive business results",on 05,,Full Time,https://jpmc.fa.oraclecloud.com/hcmUI/CandidateExperience/en/sites/CX_1001/job/210727548,"Job responsibilities, Provide Administrative Support: Priority alignment with high touch Managing Directors (MDs) and Executive Directors (EDs), either as the Primary or Alternate Admin Support, act as plug & play backups or interim support during extended leaves or resignations of critical admins, Manage Calendar: Efficiently manage and coordinate active calendars for multiple executives, ensuring optimal scheduling and prioritization of meetings and appointments, Schedule Meeting: Effectively manage internal related activities such as meetings and communications with a high degree of professionalism, accuracy and confidentiality, Communicate Effectively: Exhibit effective communication by clearly articulating ideas in conversations and crafting concise, well-structured emails that convey information accurately and professionally., Coordinate Travel: Arrange and manage intricate domestic and international travels, ensuring seamless logistics and adherence to company policies, Manage Expenses: Process invoices and expense claims, ensuring compliance to the firm’s guidelines., Plan Events: Organize and coordinate internal and external events, including meetings, conferences, and team-building activities., Prepare Documents: Prepare high-quality reports, presentations, and internal communications, utilizing advanced Microsoft Office skills (PowerPoint, Excel), Support Projects: Assist with various projects and initiatives, contributing to the organization's operational efficiency and strategic goals, support the Business Support Associates on team requirements (attendance tracking, status reporting, etc.)","Join our dynamic team as a Lead Senior Executive Assistant, where you will play a pivotal role in supporting key senior executives to drive business results & ensure seamless operations within the organization. This position offers a unique opportunity to work in a fast-paced environment, providing comprehensive administrative support to our Commercial and Investment Bank - Global Banking business which serves a diverse clientele ranging from corporations to not-for-profit entities."
jpmorgan,Fund Services - Client Solutions Associate/AVP,Fund Services - Client Solutions Associate/AVP,"Commercial & Investment Bank Posting Date 06/05/2026, 10","s 200 Capital Dock, 79 Sir John Rogerson",on 04,,Full Time,https://jpmc.fa.oraclecloud.com/hcmUI/CandidateExperience/en/sites/CX_1001/job/210728094,"Self-starter with the ability to work in a pressurized environment, Highly structured and methodical in execution, Clear, articulate and concise verbal and written communication, Ability to multi-task and prioritize workloads, strong time-management skills, Ability to understand and resolve or escalate issues quickly, Good knowledge of Microsoft Office Applications.",Are you looking for an exciting opportunity to join a dynamic and growing team in a fast paced and challenging area? This is a unique opportunity for you to work in the Client Solutions team to partner with the Business to provide a comprehensive view of our products.
jpmorgan,Lead Site Reliability Engineer Market Risk,Lead Site Reliability Engineer Market Risk,"Corporate Sector Posting Date 06/06/2026, 04","s 600 Travis St, Houston, TX, 77002, US Job Schedule Full time Job Shift Day JOB DESCRIPTION As a Lead Site Reliability Engineer at JPMorgan Chase within Market Risk Technology, you hold a leadership role in your team, demonstrate strong knowledge across multiple technical domains, and advise others on the technical and business issues facing them",on 06,On-Site,Full Time,https://jpmc.fa.oraclecloud.com/hcmUI/CandidateExperience/en/sites/CX_1001/job/210729842,"Documents and shares knowledge within your organization via internal forums and communities of practice, Required qualifications, capabilities, and skills, Formal training or certification in software engineering concepts with 5+ years of applied experience., Deep proficiency in reliability, scalability, performance, security, enterprise system architecture, toil reduction, and other site reliability best practices with the ability to implement these practices within an application or platform, Fluency in at least one programming language such as (e.g., Python, Java Spring Boot, .Net, etc.), Deep knowledge of software applications and technical processes with emerging depth in one or more technical disciplines, Proficiency and experience in observability such as white and black box monitoring, SLO alerting, and telemetry collection using tools such as Grafana, Dynatrace, Prometheus, Datadog, Splunk, etc., Proficiency in continuous integration and continuous delivery tools (e.g., Jenkins, GitLab, Terraform, etc.), Experience with container and container orchestration (e.g., ECS, Kubernetes, Docker, etc.), Experience with troubleshooting common technologies and issues","Required qualifications, capabilities, and skills"
jpmorgan,North America Rate Sales Support,North America Rate Sales Support,"Commercial & Investment Bank Posting Date 06/06/2026, 06","s 1230 Avenue Of The Americas, New York, NY, 10020, US 270 Park Ave, New York, NY, 10017, US Job Schedule Full time Job Shift Day Base Pay/Salary New York,NY",on 02,On-Site,Full Time,https://jpmc.fa.oraclecloud.com/hcmUI/CandidateExperience/en/sites/CX_1001/job/210730899,"Job responsibilities, Support trade orders accurately and efficiently, ensuring seamless flow to subsequent back-office systems., Develop and Utilize knowledge of market products to understand each deal and contribute to the optimization of our trading platform., Develop and apply automation technologies to support trade processing, including settlements, profit and loss, and confirmations., Actively participate in change management initiatives, leveraging resources to minimize disruption and facilitate successful transitions., Contribute to continuous improvement efforts, identifying inefficiencies in processes and proposing solutions based on data analysis., Required qualifications, capabilities and skills, Baseline knowledge or equivalent expertise in trading services, specifically in order execution and trade settlement., Demonstrated ability to apply automation technologies in a trading environment, with a focus on process optimization., Proactive in change management, with the ability to leverage resources to facilitate smooth transitions and minimize disruption.","Join JPMorganChase and be at the forefront of optimizing our trading operations. This role offers a unique opportunity for career growth and skill enhancement, as you support the success of our trading and portfolio management businesses. Be part of a dynamic team where your expertise and development will drive impactful change and innovation. As a Trading Services Analyst within JPMorganChase, you will play a pivotal role in the execution and processing of trade orders, ensuring the smooth operation of our trading and portfolio management businesses. Your work will have a significant impact within your team, contributing to the overall performance of our trading services. Your responsibilities span from supporting order execution to settlement, ensuring accuracy and efficiency in all trade activities. You will leverage your developing knowledge of market products and automation technologies to optimize our operating platform. Your ability to manage change and drive continuous improvement will be developed in this role, as you work to enhance our processes and systems. With a focus on collaboration, you will build strong relationships with internal stakeholders, while developing your influence and presentation skills to communicate data-driven insights and collaborate in impactful decisions. Your work will have a direct impact on our team's performance and the achievement of our short-term operational goals. Job responsibilities"
jpmorgan,Part Time Associate Banker Louisville (30 Hours),Part Time Associate Banker Louisville (30 Hours),"Consumer & Community Banking Posting Date 06/06/2026, 03","s 7923 Preston Hwy, Louisville, KY, 40219, US Job Schedule Part time Job Shift Variable JOB DESCRIPTION At Chase, we are passionate about creating memorable experiences for our clients and employees, making them feel welcomed, valued, and understood",on 06,On-Site,Part Time,https://jpmc.fa.oraclecloud.com/hcmUI/CandidateExperience/en/sites/CX_1001/job/210733251,"Ability to put clients first and exceed their expectations – delivering attentive and friendly service, creating a welcoming environment., Ability to build trusted relationships – demonstrating genuine care and concern during interactions with clients., Ability to engage clients – communicating clearly and politely to understand and help, anticipating client needs., Ability to quickly and effectively resolve client issues with attention to detail – providing a consistent client experience., Ability to elevate the client experience – working collaboratively as a team to deliver seamless service with care and sincerity., Ability to quickly and accurately learn products, services, and procedures., Client service experience or comparable experience., High school diploma or GED equivalent.","Chase is a leading financial services firm, helping nearly half of America’s households and small businesses achieve their financial goals through a broad range of financial products. Our mission is to create engaged, lifelong relationships and put our customers at the heart of everything we do. We also help small businesses, nonprofits and cities grow, delivering solutions to solve all their financial needs."
jpmorgan,Senior Manager – Controls and Governance (Executive Support),Senior Manager – Controls and Governance (Executive Support),"Commercial & Investment Bank Posting Date 06/05/2026, 03","s 11th Avenue corner 36th Street Uptown Bonifacio, Taguig City, 1635, PH Job Schedule Full time Job Shift Night JOB DESCRIPTION J",", submitted and completed in the Oracle",,Full Time,https://jpmc.fa.oraclecloud.com/hcmUI/CandidateExperience/en/sites/CX_1001/job/210733930,"Bachelor's degree in business, finance, or related field; or equivalent work experience, Minimum of 5 years of financial service experience in controls, audit, operational quality assurance or risk management, Knowledge of Commercial and Investment Bank and sub-LOBs, and functional areas, Advanced skill in problem solving, listening and questioning, Proven ability to build strong partnerships with key stakeholders, and collaborate with business and functional experts to provide guidance and to recognize risks and gaps, Excellent organizational and time management skills - ability to remain flexible and productive through shifting priorities and deadlines, High level of professionalism and sense of urgency, Excellent written and verbal communication skills with an ability to influence business leaders in a meaningful and actionable manner, Proficient knowledge of firmwide Quality Assurance standards and requirements, Excels in using Microsoft suite, PitchPro, and able to quickly learn various other tools/platforms","J.P. Morgan’s Commercial & Investment Bank (CIB) is a global leader across banking, markets, securities services and payments. Corporations, governments and institutions throughout the world entrust us with their business in more than 100 countries. The Commercial & Investment Bank provides strategic advice, raises capital, manages risk and extends liquidity in markets around the world."
jpmorgan,Point-of-Sale Product Manager - Payments - Vice President,Point-of-Sale Product Manager - Payments - Vice President,"Commercial & Investment Bank Posting Date 06/06/2026, 02","s 545 Washington Blvd, Jersey City, NJ, 07310, US 4 Chase Metrotech Ctr, Brooklyn, NY, 11245, US 8181 Communications Pkwy Bldg B, Plano, TX, 75024, US Job Schedule Full time Base Pay/Salary Jersey City,NJ",on 05,On-Site,Full Time,https://jpmc.fa.oraclecloud.com/hcmUI/CandidateExperience/en/sites/CX_1001/job/210734407,"5+ years of experience or equivalent expertise in product management or a relevant domain area having worked on or launched at least one point-of-sale product for SMBs, Advanced knowledge of the product development life cycle, design, and data analytics having direct experience with hardware certification with card brands and payment solutions, Proven ability to lead product life cycle activities including discovery, ideation, strategic development, requirements definition, and value management, Proven track record of driving product adoption and growth for point-of-sale hardware and software solutions • Possesses in-depth knowledge of accessibility standards and best practices for hardware and software solutions, serving both B2B and B2C customers across North America.","We offer a competitive total rewards package including base salary determined based on the role, experience, skill set and location. Those in eligible roles may receive commission-based pay and/or discretionary incentive compensation, paid in the form of cash and/or forfeitable equity, awarded in recognition of individual achievements and contributions. We also offer a range of benefits and programs to meet employee needs, based on eligibility. These benefits include comprehensive health care coverage, on-site health and wellness centers, a retirement savings plan, backup childcare, tuition reimbursement, mental health support, financial coaching and more. Additional details about total compensation and benefits will be provided during the hiring process."
jpmorgan,"Vice President, Product Manager","Vice President, Product Manager","Consumer & Community Banking Posting Date 06/06/2026, 02","s 8181 Communications Pkwy Bldg F, Plano, TX, 75024, US Job Schedule Full time JOB DESCRIPTION You enjoy shaping the future of product innovation as a core leader, driving value for customers, guiding successful launches, and exceeding expectations",on 04,On-Site,Full Time,https://jpmc.fa.oraclecloud.com/hcmUI/CandidateExperience/en/sites/CX_1001/job/210734929,"5+ years of experience or equivalent expertise in product management or a relevant domain area, Advanced knowledge of the product development life cycle, design, and data analytics, Proven ability to lead product life cycle activities including discovery, ideation, strategic development, requirements definition, value management, and delivery, A relationship builder with the ability to establish, develop and maintain effective working relationships with internal stakeholders and technology partners across different levels., Highly motivated self-starter who thrives in a fast-paced environment, demonstrates excellent problem-solving, time management and planning skills, and possesses the ability to handle multiple assignments at the same time. Positive attitude and easy to work with while delivering on high priority, time sensitive initiatives, Able to engage with engineering leaders on architecture, SDLC, and reliability practices, and translate technical constraints into clear product decisions., Demonstrated success building internal products for engineers and driving adoption across many teams/apps, Excellent communication and presentation skills, In-depth knowledge of Agile process and principles, including use of Agile project management tools (i.e., Confluence, JIRA/JIRA Align, etc.)","You enjoy shaping the future of product innovation as a core leader, driving value for customers, guiding successful launches, and exceeding expectations. Join our dynamic team and make a meaningful impact by delivering high-quality products that resonate with clients."
jpmorgan,Data Domain Architect Associate,Data Domain Architect Associate,"Consumer & Community Banking Posting Date 06/05/2026, 06","s 2ND,3RD,6TH,7TH",on 05,,Full Time,https://jpmc.fa.oraclecloud.com/hcmUI/CandidateExperience/en/sites/CX_1001/job/210735047,"Job responsibilities, Leverage a variety of analytical and statistical applications (SAS, SQL, Snowflake, Alteryx, etc.) to describe, analyze, and interpret complex data sets., Identify customer interactions and events across a variety of channels (calls, branch, online, emails etc.) to target customers for survey invitations., Wrangle, prepare and validate data from multiple diverse data sources in preparation for file creation., Independently deliver recurring data files in accordance with client SLAs., Facilitate requirement definitions, design, testing, and code implementation for survey data to measure customer satisfaction., Partner closely and collaborate with data management teams, strategy teams, and other analytics resources across multiple functional teams., Construct process documentation and workflow capture., Aid in presentations summarizing code logic and data sourcing., Required qualifications, capabilities, and skills","We have an exciting opportunity for you to enhance your career in Data & Analytics, contributing to innovative banking solutions."
jpmorgan,Payment Lifecycle Associate I,Payment Lifecycle Associate I,"Commercial & Investment Bank Posting Date 06/05/2026, 04","s Nirlon Knowledge Park, Western Express Highway, Goregaon (East), Mumbai, IN-MH, 400063, IN Apply Before 06/08/2026, 12",on 06,Remote,Full Time,https://jpmc.fa.oraclecloud.com/hcmUI/CandidateExperience/en/sites/CX_1001/job/210735084,"Job Responsibilities, Lead the onboarding of new payment activities, products, and clients, ensuring seamless integration across the payment lifecycle through collaboration with cross-functional teams., Partner with Technology, Product, and other key stakeholders to resolve issues, develop effective solutions, and drive continuous improvement., Support critical system enhancements and participate in global deployments to advance product capabilities., Provide operational support to maintain the stability, scalability, and performance of payment products., Identify and assess client and business needs, incorporating requirements into process enhancements and operational solutions., Oversee daily payment operations, leveraging data analytics, reporting, and robust controls to ensure optimal performance., Manage end-to-end operational support, including issue management, escalation, and remediation in partnership with internal teams., Foster strong relationships with Client Service teams to deliver a positive client experience and ensure effective hand-offs between Service and Operations., Uphold strong operational controls and compliance with company policies and regulatory requirements.","Required qualifications, skills and capabilities"
jpmorgan,"Asset Management Private Markets Alternatives Attorney - Vice President, Assistant General Counsel","Asset Management Private Markets Alternatives Attorney - Vice President, Assistant General Counsel","Corporate Sector Posting Date 06/06/2026, 04","s 277 Park Ave, New York, NY, 10172, US Job Schedule Full time Base Pay/Salary New York,NY",on 05,On-Site,Full Time,https://jpmc.fa.oraclecloud.com/hcmUI/CandidateExperience/en/sites/CX_1001/job/210735289,"JD degree, Minimum of 5 years of relevant law firm, financial institution or comparable experience, Knowledge of investment management legal issues, including pertinent regulations and guidance on investment advisory issues, Strong understanding of private fund formation and private fund structures, Knowledge of relevant laws (e.g. Investment Advisers Act), Willingness to develop knowledge of new fund structures, investment products, asset classes, lines of business, and areas of law, Demonstrated legal analytical, drafting, and negotiation skills, Demonstrated strong interpersonal, communication (verbal and written), and organizational skills, with proven ability to serve as a trusted advisor to business partners or clients, Excellent analytical, problem-solving, judgment, and decision-making capabilities, Proven ability to work independently, prioritize multiple projects, and manage competing deadlines effectively","Join a world-class legal team at JPMorganChase, one of the largest asset and wealth managers globally. Make a direct impact by advising on complex alternative investment products and supporting innovative solutions for institutional and high net worth clients."
jpmorgan,Associate - Asset & Wealth Management - Audit,Associate - Asset & Wealth Management - Audit,"Corporate Sector Posting Date 06/05/2026, 09","s Nirlon Knowledge Park, Western Express Highway, Goregaon (East), Mumbai, IN-MH, 400063, IN Apply Before 06/12/2026, 12",on 05,,Full Time,https://jpmc.fa.oraclecloud.com/hcmUI/CandidateExperience/en/sites/CX_1001/job/210735559,"Minimum MBA degree, Minimum 7+ years’ experience in a financial services firm/bank, with an audit or risk/control background, Ability to lead audits and execute audit work remotely, work effectively within a matrix organization, manage multiple projects and participate in audit assignments in a team environment., Proficiency in risk assessment, issue/impact analysis and executive report preparation., Good communication and interpersonal skills required with ability to present complex and sensitive issues to senior management., Enthusiastic, self-motivated and works well individually and in teams, shares information, supports colleagues and encourages participation.","As a Senior Auditor in our Internal Audit group, you will lead audit assignments, perform and document audit testing, partner closely with global Audit colleagues and business stakeholders, and use judgment to strengthen internal controls. You will be responsible for assisting with ongoing risk assessment, control identification, audit execution and continuous monitoring activities across Asset & Wealth Management functions."
jpmorgan,Asset and Wealth Management Audit Manager (Vice President),Asset and Wealth Management Audit Manager (Vice President),"Corporate Sector Posting Date 06/05/2026, 09","s Nirlon Knowledge Park, Western Express Highway, Goregaon (East), Mumbai, IN-MH, 400063, IN Apply Before 06/12/2026, 12",on 06,,Full Time,https://jpmc.fa.oraclecloud.com/hcmUI/CandidateExperience/en/sites/CX_1001/job/210735560,"Minimum MBA degree, Minimum 10+ years’ experience in a financial services firm/bank, with an audit or risk/control background, Ability to lead audits and execute audit work remotely, work effectively within a matrix organization, manage multiple projects and participate in audit assignments in a team environment., Proficiency in risk assessment, issue/impact analysis and executive report preparation., Good communication and interpersonal skills required with ability to present complex and sensitive issues to senior management., Enthusiastic, self-motivated and works well individually and in teams, shares information, supports colleagues and encourages participation.","As an Audit Manager in our Internal Audit group, you will lead audit assignments, perform and document audit testing, partner closely with global Audit colleagues and business stakeholders, and use judgment to strengthen internal controls. You will be responsible for assisting with ongoing risk assessment, control identification, audit execution and continuous monitoring activities across Asset & Wealth Management functions."
jpmorgan,Digital Document Services - Client Data Analyst,Digital Document Services - Client Data Analyst,"Commercial & Investment Bank Posting Date 06/05/2026, 09","s Level 18, Integra Tower, The Intermark, 348 Jalan Tun Razak,, Kuala Lumpur, MY-14, 50400, MY Job Schedule Full time JOB DESCRIPTION The Digital Documentation Services (DDS) Operations teams are responsible for supporting the firm",on 05,,Full Time,https://jpmc.fa.oraclecloud.com/hcmUI/CandidateExperience/en/sites/CX_1001/job/210736303,"Bachelor’s degree or equivalent., Strong command of English (reading, oral, and written)., Self-starter with a strong desire to learn the business and go the extra mile., Strong interpersonal skills with the ability to influence others for results., Critical thinking, analytical, communication, and negotiation skills, with the ability to communicate effectively at all levels., Sense of urgency, ownership, and leadership, with strong problem-solving skills and ability to synthesize information and propose recommendations., Adaptability to a rapidly changing business environment and ability to execute effectively through change., Results-driven mindset with strong attention to detail and passion for driving best practices., Ability to diplomatically overcome barriers and obstacles, address conflicts directly, and escalate issues where appropriate., Ability to work independently and as part of a team.","The Digital Documentation Services (DDS) Operations teams are responsible for supporting the firm's businesses for their client documentation & data life-cycle management from document creation to digitization for distribution using innovative, secure service solutions to meet clients’ needs globally. Developing and using the latest technology, teams work to deliver industry-leading capabilities to our clients and customers, making it easy and convenient to do business with the firm. The team also drive growth by refining technology-driven customer and client experiences that put users first, providing an unparalleled experience."
jpmorgan,"Associate, Card Risk Strategy","Associate, Card Risk Strategy","Consumer & Community Banking Posting Date 06/06/2026, 03","s 201 N Walnut St, Wilmington, DE, 19801, US Job Schedule Full time Job Shift Day JOB DESCRIPTION Chase Card Services is the leading credit card issuer in the U",on 05,On-Site,Full Time,https://jpmc.fa.oraclecloud.com/hcmUI/CandidateExperience/en/sites/CX_1001/job/210736314,"A Bachelor’s degree or higher in a quantitative discipline (ex: Finance, Statistics, Economics, Mathematics, Operations Research, among others), 3+ years of relevant experience in direct to consumer lending, originations, and/or retail credit experience at a complex large-scale financial services business, Exceptional quantitative and qualitative finance and analytical skills, Demonstrated strategic thinking and execution skills; insight and ability to proactively identify opportunities to innovate and improve the business, Proven experience in collaborating across teams and lines of business within large organizations, Excellent analytical skills with the ability to leverage data and anecdotal feedback to structure complex problems and make decisions, Previous experience with either SAS, SQL, Python, or Tableau analytic tools (other coding languages would be considered), Applicants must be authorized to work for any employer in the US. We are not able to provide immigration sponsorship or take over sponsorship of an employment visa at this time. Final job grade level and corporate title will be determined at time of offer and may differ from this posting.","Chase Card Services is the leading credit card issuer in the U.S. With over $1 trillion in sales volume, we have been #1 in the industry since 2017. We have also been #1 in outstanding (loans) for more than 10 years and lead in top-of-wallet market share. We serve more than 50 million active accounts across our Chase Branded Cards business, which includes the Sapphire, Freedom, Slate consumer credit cards and Ink small business portfolio, and our Co-Brand Card business."
jpmorgan,AI Product Director - Email Domain,AI Product Director - Email Domain,"Commercial & Investment Bank Posting Date 06/05/2026, 04","s 25 Bank Street, Canary Wharf, London, Greater London, E14 5JP, GB Job Schedule Full time JOB DESCRIPTION We are building the next generation of AI and autonomous agents that can reason, plan, act, and learn to solve critical problems in operations at the huge scale of the world",on 05,,Full Time,https://jpmc.fa.oraclecloud.com/hcmUI/CandidateExperience/en/sites/CX_1001/job/210737760,"Write and own Roadmaps and Product Requirements Documents (PRDs) for our most ambitious early-stage top projects and initiatives., Stay up to date with the latest AI innovation and agentic practices to ensure JPMC is building with the latest technology., Required qualifications, capabilities and skills, Formal training or certification on product management concepts and expert applied experience, Advanced experience in product management or related technical role, driving teams through the entire product development lifecycle (vision, strategy, requirements, execution, launch)., Experience in a company with strong product management culture., Familiarity with AI model architectures, mostly Large Language Models (LLMs), optimization techniques, such as prompting, context engineering, and fine-tuning, and AI frameworks, such as RAG, MCPs, and agentic pipelines.","We are building the next generation of AI and autonomous agents that can reason, plan, act, and learn to solve critical problems in operations at the huge scale of the world’s largest bank."
jpmorgan,"Servicing Travel Advisor III - Chase Travel Partner Group (Hybrid - Westerville, OH)","Servicing Travel Advisor III - Chase Travel Partner Group (Hybrid - Westerville, OH)","Consumer & Community Banking Posting Date 06/06/2026, 12","s 300 W Schrock Rd, Westerville, OH, 43081, US Job Schedule Full time JOB DESCRIPTION You are passionate about the travel industry, enjoy problem-solving, and share our common goal",,Hybrid,Full Time,https://jpmc.fa.oraclecloud.com/hcmUI/CandidateExperience/en/sites/CX_1001/job/210738032,"Job responsibilities, Respond to customer inquiries related to travel arrangements and resolve issues by focusing on short-term and long-term fixes by being the company and customer advocate and focusing on root-cause resolution tactics., Collaborate with internal teams to troubleshoot, learn, and deliver timely resolutions holding a high regard for accuracy., Maintain a knowledge of all client programs, products, and procedures and support various on-line booking tools and knowledge of multiple websites., Effectively negotiate with vendors and external customers to reach an acceptable resolution for all parties including issues with loyalty points, redemptions, program exceptions, waiving of fees, etc., Maintain high levels of call quality based on outlined criteria; maintain appropriate level of confidentiality regarding information shared and observed. Keep immediate supervisor fully informed of all issues or unusual matters of significance and take prompt corrective action where necessary or provide suggestions for alternative courses of action., Assist other Travel Advisors with questions on a real-time basis related to traveler policies and different booking applications, coaching Advisors on best practices to service all customers; monitor and manage agent errors, escalations, and customer exceptions, and update the information in a database used for tracking purposes., Provide a professional level of energy and enthusiasm as well as favorable working relationships when partnering with internal and external customers and all departments to result in increased quality and customer service levels., Required qualifications, capabilities, and skills, High School Diploma or equivalent.","You are passionate about the travel industry, enjoy problem-solving, and share our common goal: to help our customers plan and book luxury travel with ease. Join Chase Travel and help us build the future of travel while taking your career to new heights!"
jpmorgan,"Product Associate - Employee Experience (AI Tooling, RAG, LLM)","Product Associate - Employee Experience (AI Tooling, RAG, LLM)","Corporate Sector Posting Date 06/05/2026, 12","s Ground to Fifth Floor G,H Block, EMBASSYTECH VILLAGE-PARCEL 5 OUTER RING RD DEVERABEESANAHALLI VILLA, Bengaluru, IN-KA, 560103, IN Apply Before 06/19/2026, 12",,,Full Time,https://jpmc.fa.oraclecloud.com/hcmUI/CandidateExperience/en/sites/CX_1001/job/210738409,"As a Product Associate in Talent Acquisition Product, you play a crucial role in product development and contribute to the discovery and delivery of solutions that address customer needs. As part of the Talent Acquisition Product team, you will work with cross-functional partners to move from problem to prototype to launch, driving execution and delivery through clear requirements, hands-on involvement, and thoughtful use of AI as a daily enabler for product work., This role is for a hands-on problem solver who uses AI to accelerate core PM workflows such as research synthesis, writing, analysis, and prototyping, while remaining accountable for correctness, clarity, and customer outcomes. You will also build foundational fluency in how AI-enabled products work so you can collaborate effectively with engineering, design, and data partners., Job Responsibilities, Identify customer and business problems worth solving by supporting lean, AI-augmented discovery, including synthesizing research inputs, mapping workflows, and helping draft clear problem statements., Use AI tools daily to draft and refine requirements, user stories, acceptance criteria, and decision artifacts, improving clarity and speed while maintaining strong judgment and accountability., Contribute to rapid prototyping and experimentation, creating lightweight artifacts such as mock flows, copy variants, and testable concepts, and helping translate learnings into iteration proposals., Collect, analyze, and communicate product performance metrics to support prioritization and delivery decisions, including basic funnel, adoption, time, cost, and quality signals., Collaborate with engineering, design, data, and other partners to drive execution and delivery of product initiatives, taking hands-on ownership of day-to-day coordination to ensure timely, high-quality launches., Build foundational fluency in AI-enabled product concepts such as LLM application basics, prompting, RAG concepts, evaluation basics, and agent or tool-calling patterns, and flag responsible AI considerations such as bias, fairness, transparency, privacy, and appropriate human oversight., Required qualifications, capabilities, and skills","Join our collaborative environment, where you'll contribute to our strategy and make an impact on product success. Grow your skills, participate in product planning, and define user workflows while working alongside experienced product managers. Don't miss this opportunity to be part of a dynamic team and promote innovation in customer experiences."
jpmorgan,Lead Site Reliability Engineer,Lead Site Reliability Engineer,"Corporate Sector Posting Date 06/06/2026, 04","s 880 Powder Mill Rd, Wilmington, DE, 19803, US Job Schedule Full time JOB DESCRIPTION Assume a critical role in defining the future of a globally recognized firm and have a direct and significant effect in a realm tailored for top achievers in site reliability",on 04,On-Site,Full Time,https://jpmc.fa.oraclecloud.com/hcmUI/CandidateExperience/en/sites/CX_1001/job/210738965,"Documents and shares knowledge within your organization via internal forums and communities of practice, Required qualifications, capabilities, and skills, Formal training or certification in software engineering concepts plus 5+ years of applied experience, Deep proficiency in reliability, scalability, performance, security, enterprise system architecture, toil reduction, and other site reliability best practices with the ability to implement these practices within an application or platform, Fluency in at least one programming language such as (e.g., Python, Java Spring Boot, .Net, etc.), Deep knowledge of software applications and technical processes with emerging depth in one or more technical disciplines, Proficiency and experience in observability such as white and black box monitoring, SLO alerting, and telemetry collection using tools such as Grafana, Dynatrace, Prometheus, Datadog, Splunk, etc., Proficiency in continuous integration and continuous delivery tools (e.g., Jenkins, GitLab, Terraform, etc.), Experience with container and container orchestration (e.g., ECS, Kubernetes, Docker, etc.), Experience with troubleshooting common networking technologies and issues",Assume a critical role in defining the future of a globally recognized firm and have a direct and significant effect in a realm tailored for top achievers in site reliability.
jpmorgan,Spanish / Portuguese Bilingual Client Service Specialists IV - Payments Solution Center (Voice - Inbound) (Commercial & Investment Bank),Spanish / Portuguese Bilingual Client Service Specialists IV - Payments Solution Center (Voice - Inbound) (Commercial & Investment Bank),"Commercial & Investment Bank Posting Date 06/05/2026, 06","s 11th Avenue corner 36th Street Uptown Bonifacio, Taguig City, 1635, PH Job Schedule Full time Job Shift Night JOB DESCRIPTION Join a team where your client focus and problem-solving skills make a daily impact",", submitted and completed in the Oracle",,Full Time,https://jpmc.fa.oraclecloud.com/hcmUI/CandidateExperience/en/sites/CX_1001/job/210739185,"As a Client Service Representative in the Solution Center, you are responsible for ensuring JPMorgan Chase delivers the highest standard of service to all clients. You act as a central point of contact, fielding and resolving technical troubleshooting, account investigations, and workflow issues. You ensure client needs and expectations are met, maintain quality standards, and support internal partners and relationship managers. Your work helps drive client satisfaction, operational efficiency, and continuous improvement., Job responsibilities, Field incoming inquiries from client channels (phone, fax, email, mail) related to JPMorgan Access products., Provide log on assistance and basic browser troubleshooting., Resolve payments and money movement related inquiries and transactions., Adhere to policy, procedures, and standards governed by ISO, Risk, and Compliance., Ensure prompt resolution of all customer queries, delivering a world-class client experience., Investigate and resolve generic issues that generate escalated enquiries., Assist relationship managers, internal partners, and client service professionals with account queries and escalations., Promote self-service tools and platforms to clients, highlighting benefits and encouraging adoption.","Join a team where your client focus and problem-solving skills make a daily impact. As a Client Service Representative in the Solution Center, you will act as a central point of contact for clients, ensuring prompt and high-quality resolution of inquiries and technical issues. You’ll collaborate with partners, support clients on JPMorgan Access products, and help drive continuous improvement in client experience. Grow your skills in a dynamic environment that values teamwork, adaptability, and operational excellence."
jpmorgan,Senior Product Associate - Service,Senior Product Associate - Service,"Consumer & Community Banking Posting Date 06/06/2026, 12","s 1111 Polaris Pkwy, Columbus, OH, 43240, US 880 Powder Mill Rd, Wilmington, DE, 19803, US Job Schedule Full time Job Shift Day JOB DESCRIPTION Be at the heart of transforming visions into market-ready products, while you navigate through and solve complex challenges",on 06,On-Site,Full Time,https://jpmc.fa.oraclecloud.com/hcmUI/CandidateExperience/en/sites/CX_1001/job/210739456,"Consumer & Community Banking (CCB) Operations Product organization provides critical cross-line of business support across JPMC and serves as one of the largest product portfolios in CCB, delivering value to millions of customers and over 30,000 employees. As a product team member, your problem-solving skills will place you on the cutting edge of defining the vision, creating the strategy and building the roadmap to solutions that impact millions. Along the way, you’ll develop a deep, end-to-end understanding of the business and find an inclusive culture that welcomes diverse ideas and supports your individual growth and career mobility., Job responsibilities, Partners with the Product Manager to identify new product opportunities that reflect the needs of our customers and the market through user research and discovery, Considers and plans for upstream and downstream implications of new product features on the overall product experience, Supports the collection of user research, journey mapping, and market analysis to inform the strategic product roadmap and provide insight on potential product features that provide value to customers, Analyzes, tracks, and evaluates product metrics including work to time, cost, and quality targets across the product development life cycle, Writes the requirements, epics, and user stories to support product development., Support team capacity and prioritization across competing deliverables, escalating to senior management as appropriate, Support the identification, design, and implementation of process transformation initiatives across tax compliance workflows, with a focus on scalability, risk reduction, and efficiency, Partner with technology and operations teams to drive automation of manual processes, leveraging tools such as Alteryx, Tableau, and other workflow solutions","Be at the heart of transforming visions into market-ready products, while you navigate through and solve complex challenges. You have found the right team."
jpmorgan,EMEA Equity Research – European Capital Goods – Analyst or Associate,EMEA Equity Research – European Capital Goods – Analyst or Associate,"Commercial & Investment Bank Posting Date 06/06/2026, 12","s 25 Bank Street, Canary Wharf, London, Greater London, E14 5JP, GB Job Schedule Full time JOB DESCRIPTION Equity Research is part of J",on 03,,Full Time,https://jpmc.fa.oraclecloud.com/hcmUI/CandidateExperience/en/sites/CX_1001/job/210739504,"Strong interest in Industrials and technology more generally, and a willingness to specialize in this area, Excellent communication skills, both verbal and written; you can engage and influence partners and stakeholders, Enthusiasm for a team-focused environment where each individual’s insight and expertise is valued, An analytical approach to building and maintaining financial models, Strong numeracy skills, Great attention to detail, Relationship-building skills — you should feel comfortable connecting with a wide range of individuals, have the ability to communicate clearly, concisely, and confidently both to colleagues and external clients, and possess a talent for distilling complex issues into specific conclusion",Equity Research is part of J.P. Morgan’s number 1 ranked Global Research franchise. Each team is grouped by sector expertise and aims to provide actionable ideas and thematic insights that empower our institutional clients to make well-informed and strategic investment decisions. We bring clarity to complex situations through extensive sector knowledge and a deep understanding of global markets.
jpmorgan,Executive Administrative Assistant,Executive Administrative Assistant,"Commercial & Investment Bank Posting Date 06/06/2026, 03","s 600 Travis St, Houston, TX, 77002, US Job Schedule Full time JOB DESCRIPTION Become an integral part of Commercial",,Hybrid,Full Time,https://jpmc.fa.oraclecloud.com/hcmUI/CandidateExperience/en/sites/CX_1001/job/210740001,"At least five years of administrative experience, Advanced ability to organize, Discretion and good judgment in confidential situations, and proven experience interacting with senior management, Strong interpersonal, written, and oral communication skills, Strong proficiency in Microsoft Office, Excellent telephone etiquette and ability to manage competing priorities i.e. calendar management","Become an integral part of Commercial & Investment Banking team where you will have the opportunity to work in a fast-paced organization and each day will be unique! This role provides a platform for professional growth and skill enhancement. Be part of a team that is results-oriented, with a focus on attention to detail and quality."
jpmorgan,Quantitative Trading & Research - Credit - Vice President,Quantitative Trading & Research - Credit - Vice President,"Commercial & Investment Bank Posting Date 06/05/2026, 08","s New York, NY, United States Job Schedule Full time Job Shift Day Base Pay/Salary New York,NY",on 04,On-Site,Full Time,https://jpmc.fa.oraclecloud.com/hcmUI/CandidateExperience/en/sites/CX_1001/job/210740100,"Degree in mathematics, physics, engineering, computer science, or other quantitative subject, At least three years of industry experience or equivalent further academic study, Strong programming skills in C++, Java, or other object-oriented languages, Knowledge of probability, statistics, and experience with advanced data analysis techniques, Excellent written and verbal communication skills, Active interest in markets and quantitative trading","We are seeking a highly skilled and motivated Vice President to join our Credit Quantitative Trading (QT) team within JPMorgan Quantitative Trading and Research (QTR). This is a unique opportunity to be part of a global group where your quantitative research and engineering will directly influence our credit market-making and systematic trading franchise across corporate bonds, CDS indices, portfolios, fixed income secondary and primary ETF activities."
jpmorgan,Senior Lead Software Engineer- SRE,Senior Lead Software Engineer- SRE,"Corporate Sector Posting Date 06/06/2026, 04","s 575 Washington Blvd, Jersey City, NJ, 07310, US Job Schedule Full time Job Shift Day Base Pay/Salary Jersey City,NJ",on 04,On-Site,Full Time,https://jpmc.fa.oraclecloud.com/hcmUI/CandidateExperience/en/sites/CX_1001/job/210740389,"Proficient in site reliability culture and principles and familiarity with how to implement site reliability within an application or platform, Proficiency in running production incident calls and managing incident resolution., Experience in observability such as white and black box monitoring, service level objective alerting, and telemetry collection using tools such as Grafana, Dynatrace, Prometheus, Datadog, Splunk, and others, Strong understanding of SLI/SLO/SLA and Error Budgets, Proficiency in Python or PySpark for AI/ML modeling., Must be able to reduce toil by building new tools to automate repeated tasks., Hands-on experience in system design, resiliency, testing, operational stability, and disaster recovery, Understanding of network topologies, load balancing, and content delivery networks., Awareness of risk controls and compliance with departmental and company-wide standards., Ability to work collaboratively in teams and build meaningful relationships to achieve common goals.","As a Lead Site Reliability Engineer at JPMorgan Chase within Enterprise technology AI/ML Data Platforms team, you will be instrumental in building scalable, resilient and market-leading data solutions. You will engage in root cause analysis, production changes, budgetary considerations, and staffing challenges. Your experience will be vital in managing and mentoring team members to drive strategic change, both within your team and in partnership with colleagues across JPMorgan Chase & Co.'s global network of innovators."
jpmorgan,"Relationship Banker - West Sedona - Sedona, AZ","Relationship Banker - West Sedona - Sedona, AZ","Consumer & Community Banking Posting Date 06/06/2026, 02","s 1300 W Highway 89A, Sedona, AZ, 86336, US Apply Before 06/27/2026, 12",on 05,On-Site,Full Time,https://jpmc.fa.oraclecloud.com/hcmUI/CandidateExperience/en/sites/CX_1001/job/210741141,"1+ year of sales experience in Retail Banking, Financial Services, or other related industries with proven success in establishing new clients, deepening relationships, and delivering results., Ability to create memorable experiences for our clients – elevate the client experience., Excellent communication skills, both in person and over the phone, with proven ability to tailor features and benefits of products and services to clients with differing needs., Ability to quickly and effectively resolve client issues with attention to detail – providing consistent client experience., Operate within established risk parameters/tolerances and meet internal/external risk and compliance obligations, including completion of required training., High school degree, GED, or foreign equivalent., The Securities Industry Essential (SIE) exam, FINRA Series 6, state registration (including 63 if required), and Life licenses are minimum requirements. All unlicensed applicants must obtain their licenses through JPMC’s licensing program within 180 days of hire, study materials and support provided., Ability to work branch hours including weekends and some evenings.","Chase is a leading financial services firm, helping nearly half of America’s households and small businesses achieve their financial goals through a broad range of financial products. Our mission is to create engaged, lifelong relationships and put our customers at the heart of everything we do. We also help small businesses, nonprofits and cities grow, delivering solutions to solve all their financial needs."
jpmorgan,Lead Software Engineer Java AWS,Lead Software Engineer Java AWS,"Consumer & Community Banking Posting Date 06/05/2026, 12","s Block D, Parcel 8, Embassy Tech Village, Outer Ring Road, Devarabeesanahalli Village, Bengaluru, IN-KA, 560103, IN Apply Before 06/09/2026, 12",on 05,,Full Time,https://jpmc.fa.oraclecloud.com/hcmUI/CandidateExperience/en/sites/CX_1001/job/210741302,"Formal training or certification on software engineering concepts and 5+ years applied experience, Hands-on practical experience delivering system design, application development, testing, and operational stability, Advanced in Java AWS, Proficiency in automation and continuous delivery methods, Proficient in all aspects of the Software Development Life Cycle, Advanced understanding of agile methodologies such as CI/CD, Application Resiliency, and Security, Demonstrated proficiency in software applications and technical processes within a technical discipline (e.g., cloud, artificial intelligence, machine learning, mobile, etc.), In-depth knowledge of the financial services industry and their IT systems, Practical cloud native experience",We have an opportunity to impact your career and provide an adventure where you can push the limits of what's possible.
jpmorgan,"Branch Manager - Georgia South - East Point, GA","Branch Manager - Georgia South - East Point, GA","Consumer & Community Banking Posting Date 06/06/2026, 03","s 3440 Camp Creek Pkwy Ste 1110, East Point, GA, 30344, US Apply Before 06/09/2026, 12",on 05,On-Site,Full Time,https://jpmc.fa.oraclecloud.com/hcmUI/CandidateExperience/en/sites/CX_1001/job/210741504,"Forge meaningful relationships with local businesses to strengthen our branch presence and actively engage with the community., Ensure a strong risk and control environment by using sound judgment, acting with integrity, and protecting our company and clients, following policies and procedures., Required qualifications, capabilities, and skills, You have a passion for creating exceptional experiences and a knack for setting the tone in the branch, ensuring every client feels valued and every team member is part of a dynamic and engaging culture., You have outstanding leadership skills that shine through your proven track record of coaching and empowering employees, helping them achieve remarkable results and grow in their roles., You are a master of multitasking, excelling at organizing and managing competing priorities in the branch, always with an eye on developing plans for growth and success., You thrive in a fast-paced, changing environment, using your strong decision-making skills to navigate challenges and lead the team confidently., You are experienced in creating and maintaining a strong risk and control environment, you demonstrate a steadfast commitment to operational integrity and adherence to policies., You have a strong desire and ability to influence, educate, and connect your team, partners, and clients with technology, making it accessible and exciting for everyone involved., You have 2+ years of management, Retail Banking, or equivalent Chase leadership experience.","Chase is a leading financial services firm, helping nearly half of America’s households and small businesses achieve their financial goals through a broad range of financial products. Our mission is to create engaged, lifelong relationships and put our customers at the heart of everything we do. We also help small businesses, nonprofits and cities grow, delivering solutions to solve all their financial needs."
jpmorgan,"Part Time (20 Hours) Associate Banker, Tenafly Branch, Tenafly, NJ","Part Time (20 Hours) Associate Banker, Tenafly Branch, Tenafly, NJ","Consumer & Community Banking Posting Date 06/06/2026, 05","s 115 County Rd, Tenafly, NJ, 07670, US Job Schedule Part time Job Shift Variable Base Pay/Salary Tenafly,NJ",on 05,On-Site,Part Time,https://jpmc.fa.oraclecloud.com/hcmUI/CandidateExperience/en/sites/CX_1001/job/210742134,"Ability to put clients first and exceed their expectations – delivering attentive and friendly service, creating a welcoming environment., Ability to build trusted relationships – demonstrating genuine care and concern during interactions with clients., Ability to engage clients – communicating clearly and politely to understand and help, anticipating client needs., Ability to quickly and effectively resolve client issues with attention to detail – providing a consistent client experience., Ability to elevate the client experience – working collaboratively as a team to deliver seamless service with care and sincerity., Ability to quickly and accurately learn products, services, and procedures., Client service experience or comparable experience., High school diploma or GED equivalent.","Chase is a leading financial services firm, helping nearly half of America’s households and small businesses achieve their financial goals through a broad range of financial products. Our mission is to create engaged, lifelong relationships and put our customers at the heart of everything we do. We also help small businesses, nonprofits and cities grow, delivering solutions to solve all their financial needs."
jpmorgan,Senior Product Associate - Service Product,Senior Product Associate - Service Product,"Consumer & Community Banking Posting Date 06/06/2026, 06","s 1111 Polaris Pkwy, Columbus, OH, 43240, US 880 Powder Mill Rd, Wilmington, DE, 19803, US 3700 Wiseman Blvd Bldg 1, San Antonio, TX, 78251, US Job Schedule Full time Job Shift Day JOB DESCRIPTION Consumer",on 06,On-Site,Full Time,https://jpmc.fa.oraclecloud.com/hcmUI/CandidateExperience/en/sites/CX_1001/job/210742140,"Unleash your expertise in product development and optimization by leveraging user research, analyzing metrics, and collaborating across one of the world’s most innovative financial organizations., As a Senior Product Associate in Servicing Product Group (SPG), you contribute to the team by leveraging your expertise in product development and optimization to make a significant impact, supported by user research and customer feedback to fuel the creation of innovative products and continuously improve existing offerings. Collaborate closely with cross-functional teams and play a crucial role in shaping the future of our products and ongoing success., Job responsibilities, Partners with the Product Manager to identify new product opportunities that reflect the needs of our customers and the market through user research and discovery, Considers and plans for upstream and downstream implications of new product features on the overall product experience, Supports the collection of user research, journey mapping, and market analysis to inform the strategic product roadmap and provide insight on potential product features that provide value to customers, Analyzes, tracks, and evaluates product metrics including work to time, cost, and quality targets across the product development life cycle, Writes the requirements, epics, and user stories to support product development, Required qualifications, capabilities, and skills, 3+ years of experience or equivalent expertise in product management or a relevant domain area","Chase is a leading financial services firm, helping nearly half of America’s households and small businesses achieve their financial goals through a broad range of financial products. Our mission is to create engaged, lifelong relationships and put our customers at the heart of everything we do. We also help small businesses, nonprofits and cities grow, delivering solutions to solve all their financial needs."
jpmorgan,Fresh Graduates Talent Pooling — Entry-Level Hiring,Fresh Graduates Talent Pooling — Entry-Level Hiring,"Consumer & Community Banking Posting Date 06/05/2026, 06","s 9th Avenue corner 38th Street, Uptown Bonifacio, Taguig City, National Cap Region, 1635, PH Job Schedule Full time Job Shift Variable JOB DESCRIPTION Join our team through our Fresh Graduates Pooling Program, where you will be considered for upcoming entry-level opportunities across multiple teams",on 05,Onsite,Full Time,https://jpmc.fa.oraclecloud.com/hcmUI/CandidateExperience/en/sites/CX_1001/job/210742341,"Job Responsibilities, Supports day‑to‑day activities and deliverables aligned to team goals, ensuring tasks are completed accurately and on time, Communicates status updates, escalates issues when needed, and maintains clear documentation/records to support smooth execution, Assists in preparing reports, trackers, and basic analyses to help stakeholders make informed decisions, Coordinates with internal partners to gather requirements, follow up on action items, and ensure timely completion of requests, Learns and applies internal tools, policies, and procedures; adheres to required controls, quality standards, and compliance expectations, Contributes to continuous improvement by identifying process gaps, suggesting enhancements, and supporting implementation of agreed changes, Required qualifications, capabilities and skills, Bachelor’s degree in any relevant field (fresh graduates are welcome), Willingness to learn new tools and processes, with training and support provided","Join our team through our Fresh Graduates Pooling Program, where you will be considered for upcoming entry-level opportunities across multiple teams. This pooling requisition is designed to build a pipeline of high‑potential graduates who are eager to learn, contribute to day‑to‑day operations and projects, and grow their careers in a fast‑paced, collaborative environment. You will work closely with team leads and peers, support business priorities, and help deliver high-quality outcomes for internal and external stakeholders."
jpmorgan,Lead Security Engineer - IOT Asset Intelligence,Lead Security Engineer - IOT Asset Intelligence,"Corporate Sector Posting Date 06/05/2026, 08","s 575 Washington Blvd, Jersey City, NJ, 07310, US 1750 Tysons Blvd, McLean, VA, 22102, US Job Schedule Full time Job Shift Day Base Pay/Salary Jersey City,NJ",on 04,On-Site,Full Time,https://jpmc.fa.oraclecloud.com/hcmUI/CandidateExperience/en/sites/CX_1001/job/210742468,"Familiarity with AI tools and the ability to apply them to accelerate delivery and improve the quality of your work is expected., Job responsibilities, Telemetry Pipeline Development and Maintenance: Executes the design, development, and maintenance of telemetry pipelines that collect, normalize, and route IoT device data across the enterprise visibility platform. Works within established architectural patterns and playbooks to ensure pipeline reliability, data completeness, and performance at scale in support of real time device monitoring and security operations., SIEM Integration and Security Operations Support: Supports the integration of IoT visibility data into SIEM platforms, ensuring that device telemetry is correctly parsed, enriched, and mapped to detection use cases. Works under the guidance of senior engineers and architects to improve the fidelity and actionability of IoT security alerts., Data Quality and Normalization: Contributes to data quality initiatives across the IoT visibility program, identifying gaps, inconsistencies, and normalization issues in device telemetry and asset inventory data. Develops and maintains automated checks and remediation workflows to support data integrity across downstream systems including CMDB and vulnerability management platforms., Security Solution Execution: Executes standard security engineering solutions in accordance with existing playbooks and architectural guidance to satisfy security requirements for internal clients including product, platform, and application owners. Applies specialized tools such as vulnerability scanners and network analysis platforms to analyze and correlate incident data, identify threats, and summarize probability and impact of identified vulnerabilities., AI Assisted Engineering: Actively uses AI tools to accelerate development tasks, improve code quality, automate repetitive workflows, and enhance personal productivity. Demonstrates a growth mindset toward AI fluency as a core engineering skill., Agile Delivery and Collaboration: Participates actively in agile ceremonies, contributes to sprint planning and delivery, and collaborates closely with senior engineers and architects. Supports continuity related activities including awareness, training, educational activities, and tabletop exercises., Adds to team culture of diversity, opportunity, inclusion, and respect, Required qualifications, capabilities, and skills",Take on a crucial role where you'll be a key part of a high-performing team delivering secure software solutions. Make a real impact as you help shape the future of software security at one of the world's largest and most influential companies.
jpmorgan,"Corporate Finance Analytics, Senior Associate","Corporate Finance Analytics, Senior Associate","Corporate Sector Posting Date 06/06/2026, 02","s 270 Park Ave, New York, NY, 10017, US Job Schedule Full time Job Shift Day Base Pay/Salary New York,NY",on 04,On-Site,Full Time,https://jpmc.fa.oraclecloud.com/hcmUI/CandidateExperience/en/sites/CX_1001/job/210743017,"Bachelors degree required, 5 years professional experience in a similar role (e.g. Planning and Analysis, Investor Relations, Corporate Finance), Advanced PowerPoint and Excel skills, Strong analytical, creative thinking and problem solving skills, Able to manage projects end-to-end with a high degree of autonomy, Strong verbal and written communication skills, with the ability to articulate complex issues clearly, Team player with the ability to be respected as a trusted partner for the Business, Finance, and FP&A Teams, Ability to generate new ideas for the improvement of internal processes","Corporate Finance Analytics (""CFA"") is part of the Financial Analysis group of JPMorgan Chase. The team provides financial analysis and perspective to senior management to support decision-making on high-profile, topical issues."
jpmorgan,"Branch Manager - Greater Maryland Market - Frederick, Maryland","Branch Manager - Greater Maryland Market - Frederick, Maryland","Consumer & Community Banking Posting Date 06/05/2026, 11","s 5449 Urbana Pike, Frederick, MD, 21704, US Job Schedule Full time Base Pay/Salary Frederick,MD",on 06,On-Site,Full Time,https://jpmc.fa.oraclecloud.com/hcmUI/CandidateExperience/en/sites/CX_1001/job/210743602,"Forge meaningful relationships with local businesses to strengthen our branch presence and actively engage with the community., Ensure a strong risk and control environment by using sound judgment, acting with integrity, and protecting our company and clients, following policies and procedures., Required qualifications, capabilities, and skills, You have a passion for creating exceptional experiences and a knack for setting the tone in the branch, ensuring every client feels valued and every team member is part of a dynamic and engaging culture., You have outstanding leadership skills that shine through your proven track record of coaching and empowering employees, helping them achieve remarkable results and grow in their roles., You are a master of multitasking, excelling at organizing and managing competing priorities in the branch, always with an eye on developing plans for growth and success., You thrive in a fast-paced, changing environment, using your strong decision-making skills to navigate challenges and lead the team confidently., You are experienced in creating and maintaining a strong risk and control environment, you demonstrate a steadfast commitment to operational integrity and adherence to policies., You have a strong desire and ability to influence, educate, and connect your team, partners, and clients with technology, making it accessible and exciting for everyone involved., You have 2+ years of management, Retail Banking, or equivalent Chase leadership experience.","Chase is a leading financial services firm, helping nearly half of America’s households and small businesses achieve their financial goals through a broad range of financial products. Our mission is to create engaged, lifelong relationships and put our customers at the heart of everything we do. We also help small businesses, nonprofits and cities grow, delivering solutions to solve all their financial needs."
jpmorgan,Financial Analysis - Card PxT Central Reporting - Senior Associate,Financial Analysis - Card PxT Central Reporting - Senior Associate,"Consumer & Community Banking Posting Date 06/05/2026, 12","s 880 Powder Mill Rd, Wilmington, DE, 19803, US Job Schedule Full time Job Shift Day JOB DESCRIPTION",on 05,On-Site,Full Time,https://jpmc.fa.oraclecloud.com/hcmUI/CandidateExperience/en/sites/CX_1001/job/210743887,"Bachelor’s degree in Finance, Accounting, or a subject of a technical nature, 4+ years of work experience in Financial Services with a background in Finance, Business Management, Planning & Analysis, Accounting or Controller background, Advanced skills in Excel and PowerPoint, Proven experience delivering timely, high quality presentations and/or reporting for various projects and stakeholders, Proficiency with data mining/gathering and manipulation of data sets; strong analytical and problem solving skills with ability to analyze large data sets and present conclusions concisely, Inquisitive, enthusiastic, and diligent, and capable of challenging peers, Strong verbal and written communication skills with the ability to articulate complex issues clearly, Ability to create ad hoc reporting for senior management and proven track record for executing on special projects / assignments with often little lead time or information, Highly motivated and able to thrive and think clearly under pressure and tight deadlines; self-starter with excellent time management/prioritization skills, Team player with the ability to be respected as a trusted partner for the Business, Finance, and FP&A Teams","﻿Join our Card PXT Finance team for an exciting opportunity to drive key initiatives, provide strategic financial analysis & reporting, oversee and coordinate the budgeting and forecasting process, and be a trusted advisor to our Business leaders. Our team is responsible for a wide range of activities including financial control, forecasting and budgeting, analysis of financial/business metrics, delivery of weekly/monthly/quarterly management reporting, development of new reporting capabilities (e.g. dashboards), and advising the line of business CFOs on how to increase profitability and efficiencies."
jpmorgan,Specialty Product Associate,Specialty Product Associate,"Commercial & Investment Bank Posting Date 06/05/2026, 02","s Nirlon Knowledge Park, Western Express Highway, Goregaon (East), Mumbai, IN-MH, 400063, IN Job Schedule Full time Job Shift Mid-Day JOB DESCRIPTION J",on 06,,Full Time,https://jpmc.fa.oraclecloud.com/hcmUI/CandidateExperience/en/sites/CX_1001/job/210743998,"5+ years of experience in team management within trade finance operations, Well versed in URC, UCP, URR, and ISBP guidelines, Subject matter expertise in LC issuance, advising, confirmation, and document checking processes, Strong understanding of US regulations and OFAC compliance","J.P. Morgan Wealth Management is a global leader in investment and wealth management, serving institutions, high-net-worth individuals, and retail investors worldwide."
jpmorgan,Senior Quantitative Analytics Associate,Senior Quantitative Analytics Associate,"Consumer & Community Banking Posting Date 06/05/2026, 01","s 301 N Walnut St, Wilmington, DE, 19801, US Job Schedule Full time Job Shift Day JOB DESCRIPTION Are you a sharp analytical thinker who thrives on solving complex problems and turning data into action",on 06,On-Site,Full Time,https://jpmc.fa.oraclecloud.com/hcmUI/CandidateExperience/en/sites/CX_1001/job/210744289,"As a Senior Quantitative Analytics Associate in the Card Pricing Execution team, you will play a critical role in developing analytical solutions, improving operational processes, and supporting regulatory and business initiatives. You will work closely with business stakeholders to translate complex requirements into executable analytical workflows, helping drive accurate and timely outcomes for customers and the organization., Job responsibilities, Develop and maintain automated analytical workflows using tools such as Alteryx, Python, SQL, SAS, Snowflake, and Oracle/Teradata to triage, prioritize, and resolve exceptions efficiently, Translate high-level business requirements into executable analytical steps, identifying opportunities for simplification and process improvement, Build and execute strategies to identify correction populations, financials, and case execution files for medium-to-high complexity scenarios, Support data validation and testing by applying data logic expertise to research system breaks and validate analytical requirements, Partner with cross-functional teams to support regulatory process and control monitoring initiatives, Lead and contribute to standardization and business initiative projects, including planning, execution, and post-implementation validation using Alteryx, Excel, VBA, and mainframe systems, Automate manual processes involving large volumes of data, querying databases such as Oracle and Teradata, Communicate complex analytical findings clearly and compellingly to process owners and business stakeholders at all levels","Are you a sharp analytical thinker who thrives on solving complex problems and turning data into action? This role offers the opportunity to work at the intersection of data engineering, process automation, and business strategy — with real impact on customer outcomes and operational excellence. Join a collaborative team where your technical skills and curiosity will be valued and continuously challenged."
jpmorgan,"Part Time (30 Hours) Associate Banker, Reston Branch, Reston, VA","Part Time (30 Hours) Associate Banker, Reston Branch, Reston, VA","Consumer & Community Banking Posting Date 06/06/2026, 04","s 2037 Fulton Pl, Reston, VA, 20191, US Job Schedule Part time Job Shift Variable JOB DESCRIPTION At Chase, we are passionate about creating memorable experiences for our clients and employees, making them feel welcomed, valued, and understood",on 05,On-Site,Part Time,https://jpmc.fa.oraclecloud.com/hcmUI/CandidateExperience/en/sites/CX_1001/job/210744354,"Ability to put clients first and exceed their expectations – delivering attentive and friendly service, creating a welcoming environment., Ability to build trusted relationships – demonstrating genuine care and concern during interactions with clients., Ability to engage clients – communicating clearly and politely to understand and help, anticipating client needs., Ability to quickly and effectively resolve client issues with attention to detail – providing a consistent client experience., Ability to elevate the client experience – working collaboratively as a team to deliver seamless service with care and sincerity., Ability to quickly and accurately learn products, services, and procedures., Client service experience or comparable experience., High school diploma or GED equivalent.","Chase is a leading financial services firm, helping nearly half of America’s households and small businesses achieve their financial goals through a broad range of financial products. Our mission is to create engaged, lifelong relationships and put our customers at the heart of everything we do. We also help small businesses, nonprofits and cities grow, delivering solutions to solve all their financial needs."
jpmorgan,Senior Lead Site Reliability Engineer,Senior Lead Site Reliability Engineer,"Corporate Sector Posting Date 06/06/2026, 03","s 3203 Hanover St, Palo Alto, CA, 94304, US Job Schedule Full time Base Pay/Salary Palo Alto,CA",on 06,On-Site,Full Time,https://jpmc.fa.oraclecloud.com/hcmUI/CandidateExperience/en/sites/CX_1001/job/210744463,"Formal training or certification in software engineering concepts with 10+ years of applied experience in Site Reliability Engineering, DevOps, or Software Engineering, Advanced knowledge in site reliability culture and principles with demonstrated ability to implement site reliability within an application or platform, Advanced knowledge and experience in observability such as white and black box monitoring, service level objectives, alerting, and telemetry collection using tools such as Grafana, Dynatrace, Prometheus, Datadog, Splunk, etc., Expert-level proficiency in Java, Go (Golang), Python, and Terraform for building enterprise-grade applications, high-performance systems, automation, and infrastructure as code, Advanced knowledge of software applications and technical processes with considerable depth in multiple technical disciplines including distributed systems, microservices architecture, and cloud-native technologies, Hands-on experience building AI Agents and autonomous systems with proficiency in AI frameworks (LangChain, LangGraph, AutoGen, CrewAI) and leveraging AI development tools (GitHub Copilot, Claude, etc.) to accelerate development and innovation, Expertise in designing and implementing logging pipelines (Fluentd, Logstash, Vector) and systems for metrics collection, analysis, and distributed tracing, Strong experience building production-grade RESTful APIs and designing message queue architectures (Kafka, RabbitMQ, SQS) for event-driven systems, Experience with graph databases (Neo4j, TigerGraph), vector databases (Pinecone, Weaviate, Chroma), and integrating multiple data stores for AI-powered systems, Proficiency with containerization (Docker, Kubernetes), CI/CD pipelines, and GitOps workflows",Elevate your engineering prowess to unprecedented levels by joining a team of exceptionally gifted professionals and position yourself among the top echelon in site reliability and AI-powered infrastructure automation.
jpmorgan,"Private Client Banker- Woodland Park, NJ - NJ Passaic Essex Market","Private Client Banker- Woodland Park, NJ - NJ Passaic Essex Market","Consumer & Community Banking Posting Date 06/06/2026, 12","s 989 McBride Ave, Woodland Park, NJ, 07424, US Job Schedule Full time Base Pay/Salary Woodland Park,NJ",on 06,On-Site,Full Time,https://jpmc.fa.oraclecloud.com/hcmUI/CandidateExperience/en/sites/CX_1001/job/210744758,"Demonstrated success using a value-added, relationship-oriented approach to acquire and deepen client relationships., 1+ year Branch Banking Banker or equivalent experience in Financial Services sales experience with proven success in acquiring new clients, deepening relationships, and revenue generation., Ability to create memorable experiences for our clients – elevate the client experience., Excellent communication skills, both in person and over the phone, with proven ability to tailor features and benefits of products and services to clients with differing needs., Ability to resolve client issues quickly and effectively with attention to detail – providing consistent client experience., Operate within established risk parameters/tolerances and meet internal/external risk and compliance obligations, including completion of required training., High school degree, GED, or foreign equivalent., The Securities Industry Essential (SIE) exam, FINRA Series 6, state registration (including 63 if required), and Life licenses are minimum requirements. All unlicensed applicants must obtain their licenses though JPMC’s licensing program within 180 days of hire, study materials and support provided., Ability to work branch hours including weekends and some evenings.","Chase is a leading financial services firm, helping nearly half of America’s households and small businesses achieve their financial goals through a broad range of financial products. Our mission is to create engaged, lifelong relationships and put our customers at the heart of everything we do. We also help small businesses, nonprofits and cities grow, delivering solutions to solve all their financial needs."
jpmorgan,Senior Associate- Service Product,Senior Associate- Service Product,"Consumer & Community Banking Posting Date 06/06/2026, 06","s 301 N Walnut St, Wilmington, DE, 19801, US 3700 Wiseman Blvd Bldg 1, San Antonio, TX, 78251, US 2104 E Elliot Rd, Tempe, AZ, 85284, US 1111 Polaris Pkwy, Columbus, OH, 43240, US Job Schedule Full time Job Shift Day JOB DESCRIPTION Unleash your expertise in product development and optimization by leveraging user research, analyzing metrics, and collaborating across one of the world",on 06,On-Site,Full Time,https://jpmc.fa.oraclecloud.com/hcmUI/CandidateExperience/en/sites/CX_1001/job/210744855,"3+ years of experience or equivalent expertise in product management or a relevant domain area, Proficient knowledge of the product development life cycle, Experience in product life cycle activities including discovery and requirements definition, Developing knowledge of data analytics and data literacy, Demonstrated success in product management or a relevant domain, delivering results and driving initiatives forward, Experienced in executing operational management tasks and preparing teams for change readiness, Led complex change requests, including those driven by sponsors and regulatory requirements, Strong analytical skills to evaluate end-user impacts and recommend readiness actions, Skilled at identifying, influencing, and implementing process improvements, efficiencies, and closing gaps to enhance product value, Conducted thorough quality assurance on change requests to ensure high product quality and customer satisfaction",Strong analytical skills to evaluate end-user impacts and recommend readiness actions
jpmorgan,Site Reliability Engineer III,Site Reliability Engineer III,"Corporate Sector Posting Date 06/06/2026, 04","s 545 Washington Blvd, Jersey City, NJ, 07310, US Job Schedule Full time Job Shift Day Base Pay/Salary Jersey City,NJ",on 06,On-Site,Full Time,https://jpmc.fa.oraclecloud.com/hcmUI/CandidateExperience/en/sites/CX_1001/job/210744868,"7+ years of experience in DevOps, SRE, or Cloud Automation., Hands-on experience with AWS services (IAM, VPC, EC2, ALB/NLB, S3, RDS/Aurora, CloudWatch, EKS/ECS, Lambda, Route 53)., Experience building CI/CD with GitHub Actions, GitLab CI, Jenkins, Azure DevOps, etc., Proficiency in at least one scripting or programming language (Python, Bash, Java, .NET)., Solid understanding of Linux/Unix systems and networking fundamentals., Experience with secrets and configuration management tools (AWS Secrets Manager/SSM, Vault)., Experience with observability and monitoring tools (Grafana, Dynatrace, Prometheus, Datadog, Splunk)., Familiarity with container orchestration (Docker, Kubernetes, ECS)., Strong communication skills and ability to work independently or in teams., Proactive, innovative, and passionate about learning.","Implement and manage containerized workloads and deployment workflows using Docker, Kubernetes/EKS, and ECS across the full software delivery lifecycle."
jpmorgan,"Principal Architect, Executive Director-Business Banking","Principal Architect, Executive Director-Business Banking","Consumer & Community Banking Posting Date 06/05/2026, 03","s 1111 Polaris Pkwy, Columbus, OH, 43240, US Job Schedule Full time JOB DESCRIPTION Step into the role of a Principal Architect at JPMorganChase and become a driving force behind the development and adoption of cutting-edge, cloud-based technologies",on 06,On-Site,Full Time,https://jpmc.fa.oraclecloud.com/hcmUI/CandidateExperience/en/sites/CX_1001/job/210745609,"Formal training or certification on architecture concepts and 10+ years of applied experience, including hands-on experience delivering system design, application development, testing, and operational stability for large-scale platforms, Deep knowledge of software architecture and at least one area of specialization (for example: cloud platforms, artificial intelligence, machine learning, or mobile), Demonstrated ability to solve complex architecture problems by applying new methods, patterns, and tradeoff-based decisioning, Practical experience designing and delivering cloud-native architectures (for example: containerization, service-oriented design, and scalable data patterns), Proven experience providing technical leadership across multiple teams, including guiding delivery through the full project lifecycle, Strong communication skills, with experience presenting architectural decisions and options to senior leaders and executives, Demonstrable experience applying AI agent capabilities to improve engineering productivity and/or customer outcomes, with appropriate controls and risk awareness","Step into the role of a Principal Architect at JPMorganChase and become a driving force behind the development and adoption of cutting-edge, cloud-based technologies."
jpmorgan,"Relationship Banker - New York Life - New York, NY","Relationship Banker - New York Life - New York, NY","Consumer & Community Banking Posting Date 06/06/2026, 12","s 386 Park Ave S, New York, NY, 10016, US Apply Before 06/30/2026, 12",on 05,On-Site,Full Time,https://jpmc.fa.oraclecloud.com/hcmUI/CandidateExperience/en/sites/CX_1001/job/210745614,"1+ year of sales experience in Retail Banking, Financial Services, or other related industries with proven success in establishing new clients, deepening relationships, and delivering results., Ability to create memorable experiences for our clients – elevate the client experience., Excellent communication skills, both in person and over the phone, with proven ability to tailor features and benefits of products and services to clients with differing needs., Ability to quickly and effectively resolve client issues with attention to detail – providing consistent client experience., Operate within established risk parameters/tolerances and meet internal/external risk and compliance obligations, including completion of required training., High school degree, GED, or foreign equivalent., The Securities Industry Essential (SIE) exam, FINRA Series 6, state registration (including 63 if required), and Life licenses are minimum requirements. All unlicensed applicants must obtain their licenses through JPMC’s licensing program within 180 days of hire, study materials and support provided., Ability to work branch hours including weekends and some evenings.","Chase is a leading financial services firm, helping nearly half of America’s households and small businesses achieve their financial goals through a broad range of financial products. Our mission is to create engaged, lifelong relationships and put our customers at the heart of everything we do. We also help small businesses, nonprofits and cities grow, delivering solutions to solve all their financial needs."
jpmorgan,"Principal Architect, Executive Director: Business Banking Digital","Principal Architect, Executive Director: Business Banking Digital","Consumer & Community Banking Posting Date 06/05/2026, 03","s 1111 Polaris Pkwy, Columbus, OH, 43240, US 575 Washington Blvd, Jersey City, NJ, 07310, US Job Schedule Full time Base Pay/Salary Jersey City,NJ",on 06,On-Site,Full Time,https://jpmc.fa.oraclecloud.com/hcmUI/CandidateExperience/en/sites/CX_1001/job/210745657,"Formal training or certification on architecture concepts and 10+ years of applied experience, including hands-on experience delivering system design, application development, testing, and operational stability for large-scale platforms., Required experience supporting digital channels, including designing architectures for high-availability, customer-facing applications., Advanced knowledge of software architecture and modern engineering practices, with deep expertise in at least one technical domain (for example, cloud, artificial intelligence, machine learning, or mobile)., Strong proficiency in one or more programming languages with the ability to guide implementation decisions and code quality standards., Demonstrated ability to solve complex architecture problems through structured analysis, pragmatic trade-offs, and clear technical direction., Practical experience designing and operating cloud-native solutions (including containerization, service-based architectures, and automated delivery practices)., Experience driving outcomes as a product leader (for example, Product Owner or Product Manager) or partnering deeply with product management to define and deliver roadmaps., Proven ability to present technical strategy and influence decisions with senior leaders and executives., Demonstrable experience applying agent-based and autonomous workflow technologies to improve engineering productivity, reliability, or customer outcomes.","Drive cloud-native architecture for Business Digital Channels, partnering across product and engineering to deliver secure, scalable digital experiences."
jpmorgan,Commercial Banker - Startup Banking - Vice President,Commercial Banker - Startup Banking - Vice President,"Commercial & Investment Bank Posting Date 06/06/2026, 04","s 560 Mission St, San Francisco, CA, 94105, US Job Schedule Full time Job Shift Day Base Pay/Salary San Francisco,CA",on 06,On-Site,Full Time,https://jpmc.fa.oraclecloud.com/hcmUI/CandidateExperience/en/sites/CX_1001/job/210745691,"5+ years of related experience, Strong understanding of Commercial Banking products and services, Excellent sales management and business development skills, Proficiency in building and maintaining positive client relationships, Strong interpersonal and influencing skills, with the ability to establish credibility and strong partnership with senior business and control partners, Self-directed, proactive, and creative; uses sound judgment and navigates ambiguity to get things done","You are customer focused, enjoy building relationships and providing financial advice to your clients. A role as a Commercial Banker is for you."
jpmorgan,Lead Software Engineer,Lead Software Engineer,"Commercial & Investment Bank Posting Date 06/05/2026, 07","s 600 Travis St, Houston, TX, 77002, US Apply Before 06/09/2026, 01",on 05,On-Site,Full Time,https://jpmc.fa.oraclecloud.com/hcmUI/CandidateExperience/en/sites/CX_1001/job/210745880,"Formal training or certification on software engineering concepts and 5+ years applied experience. Hands-on practical experience in system design, application development, testing, and operational stability., Strong experience in Java, Spring, multithreading, REST, Data Caching Services, DB schema design, and data access technologies. Knowledge of automated testing methodologies/frameworks (e.g., JUnit, TDD, BDD)., Hands-on experience in Oracle Database, SQL, and PL/SQL, including writing Stored Procedures., Previous experience designing ecosystems for Web applications & API Platforms. Experience in building, orchestrating, and deploying highly scalable REST-based stateless APIs/web services for web applications., Strong object-oriented design and programming skills, with knowledge of common design patterns., Familiarity with build tools (e.g., Maven), continuous integration tools (e.g., Hudson), version control systems (e.g., Git or SVN)., Proficient in UNIX, Linux, and MS Windows; skilled in UNIX Shell and Perl scripting., Good understanding of full software lifecycle development processes, including Agile. Experience working on at least one major, technically challenging global project., Experience in financial markets, with knowledge of equity swaps and synthetic prime brokerage, Positive, can-do attitude and ability to work well in a global team environment. Excellent written and oral communication skills.",We have an opportunity to impact your career and provide an adventure where you can push the limits of what's possible.
jpmorgan,Risk Management - Wealth Management Trust and Estates Vice President,Risk Management - Wealth Management Trust and Estates Vice President,"Asset & Wealth Management Posting Date 06/06/2026, 01","s 390 Madison Ave, New York, NY, 10017, US Job Schedule Full time Job Shift Day Base Pay/Salary New York,NY",on 06,On-Site,Full Time,https://jpmc.fa.oraclecloud.com/hcmUI/CandidateExperience/en/sites/CX_1001/job/210746248,"Bachelor’s degree in Finance or a related field, 7 years of Trusts and Estates experience within Risk Management, Compliance, Legal, Audit, or consulting, Familiarity with Trusts and Estates law, fiduciary investments, fiduciary products, and relevant governance and control practices, Understanding of regulations and best practices applicable to fiduciary activities and investment oversight, Experience providing independent oversight and credible challenge in committee and stakeholder settings, Strong analytical skills, including ability to perform thematic reviews and interpret risk metrics to identify outliers and trends, Strong written and verbal communication skills, including ability to present clear updates and recommendations to senior stakeholders, Strong collaboration skills across Risk, the Business, Legal, Compliance, Audit, and Control Management, Sound judgment and attention to detail in evaluating fiduciary risks and control effectiveness, Willingness to learn and apply machine learning and artificial intelligence techniques in business-as-usual risk activities","Bring your Expertise to JPMorganChase. As part of Risk Management and Compliance, you are at the center of keeping JPMorganChase strong and resilient. You help the firm grow its business in a responsible way by anticipating new and emerging risks, and using your expert judgement to solve real-world challenges that impact our company, customers and communities. Our culture in Risk Management and Compliance is all about thinking outside the box, challenging the status quo and striving to be best-in-class."
jpmorgan,Vice President - Executive Services and Business Support,Vice President - Executive Services and Business Support,"Commercial & Investment Bank Posting Date 06/05/2026, 03","s 11th Avenue corner 36th Street Uptown Bonifacio, Taguig City, 1635, PH Job Schedule Full time JOB DESCRIPTION Global Banking (GB), through its Commercial and Investment Banking businesses, provides a complete set of solutions and capabilities to our clients around the world",", submitted and completed in the Oracle",Onsite,Full Time,https://jpmc.fa.oraclecloud.com/hcmUI/CandidateExperience/en/sites/CX_1001/job/210746345,"Minimum of 10 years' related work experience, at least 3 years of which at a Vice President capacity managing a team in a global organization., Strong track record in successful people, business, and project leadership at both national and international levels., Familiarity partnering with Human Resource or Administrative peers/ stakeholders., Exceptional communication skills; confident, organized, and clear., Partnership mentality; collaborative, proactive, and uses critical thinking to solve problems., Professional leadership; excels at motivating individual and team performance., Control orientation; enforces a dynamic control/compliance environment., Drive for Excellence; consistently seeks to exceed expectations and demonstrates continuous improvement., Amenable to working onsite following core US hours, with flexibility to adjust accordingly to business needs.","Global Banking (GB), through its Commercial and Investment Banking businesses, provides a complete set of solutions and capabilities to our clients around the world. We’re committed to supporting our clients through every stage in their life cycle, from emerging startups to large corporations, GB is uniquely positioned to deliver strategic advisory, financing, payments and risk services to help them grow and succeed. We take great pride in the longstanding relationships we build over time and our purpose-driven business plays an instrumental role in supporting our communities across the globe."
jpmorgan,Assessments & Exercises - Cybersecurity Solutions Engineer,Assessments & Exercises - Cybersecurity Solutions Engineer,"Corporate Sector Posting Date 06/06/2026, 04","s 575 Washington Blvd, Jersey City, NJ, 07310, US Job Schedule Full time Base Pay/Salary Jersey City,NJ",on 04,On-Site,Full Time,https://jpmc.fa.oraclecloud.com/hcmUI/CandidateExperience/en/sites/CX_1001/job/210746828,"Formal training or certificate with 5+ years of Cybersecurity experience ., Experience developing tactical, operational, and strategic tools and capabilities., An insatiable technical curiosity about all things Cyber and a desire to expand your skillset., Demonstrated ability to be proactive and resourceful, identifying and using appropriate sources for data-driven investigations., Knowledge of or experience in offensive or defensive cybersecurity roles and processes such as Incident Response, Threat Intelligence, Penetration Testing, Red Teaming, Risk Management, Cyber Engineering, Cyber Architecture, and Data Privacy. Familiarity with network architecture concepts, including cloud architectures, and deploying large-scale applications in an enterprise environment., Experience in building analytical processes, templates, and documentation. Strong written and verbal communication skills; ability to understand complex problems and present them simply., Ability to collaborate with high-performing teams, senior leaders, business stakeholders, third-party vendors, and technical individuals throughout the firm to effectively articulate risk and drive change., A strong commitment to ethical practices and doing what is right.","Are you passionate about addressing cyber issues and driving innovative solutions? Do you excel in both technical and non-technical analysis, root cause evaluation, stakeholder engagement, and novel approaches to problem-solving? If this sounds like you, apply to join the Findings Analysis and Solutions Team (FAST) within JPMC’s Cybersecurity & Technology Controls (CTC) organization to tackle these challenges on a massive scale. In this role, you will investigate security issues uncovered by our Red Team and other Assessments and Operations teams to understand the core problems and help solve them at both a tactical and operational level. The ideal candidate will be self-motivated, possess extensive technical curiosity, have a drive to understand complex cybersecurity issues, and be able to collaborate with both technical and non-technical peers."
jpmorgan,Senior Lead Software Engineer - C++ Developer,Senior Lead Software Engineer - C++ Developer,"Commercial & Investment Bank Posting Date 06/05/2026, 08","s 25 Bank Street, Canary Wharf, London, Greater London, E14 5JP, GB Job Schedule Full time Job Shift Day JOB DESCRIPTION The Futures",on 05,,Full Time,https://jpmc.fa.oraclecloud.com/hcmUI/CandidateExperience/en/sites/CX_1001/job/210747073,"A demonstrable enthusiasm for using AI to accelerate C++ development., Hands-on practical experience of the C++ software lifecycle, including system design, development, automated testing (unit, system, integration, replay), deployment, debugging and maintenance., Advanced knowledge of software applications and technical processes with considerable in-depth knowledge in one or more technical disciplines (e.g., cloud, artificial intelligence, machine learning, mobile, etc.), Ability to tackle design and functionality problems independently with little to no oversight., Knowledge of modern C++ and C++ performance optimization., Knowledge of modern CPU architecture, sockets and networking., Working knowledge of electronic trading order management or market data flow, including recovery, and the financial instruments of any asset class., User-level knowledge of Linux., Ability to work to the quality expectations and SDLC requirements of a major investment bank., Bachelor’s degree or equivalent experience in Computer Science, Computer Engineering, Mathematics, or a related technical field.","The Futures & Options Execution Technology team sits within Equities Technology and runs the end-to-end trading technology stack – supporting high-touch, low-touch and no-touch execution – for the #1 ranked FCM. In addition to our core franchise, we deliver critical trading capabilities across other JPMorganChase lines of business."
jpmorgan,Software Engineer III,Software Engineer III,"Consumer & Community Banking Posting Date 06/05/2026, 08","s Block D, Parcel 8, Embassy Tech Village, Outer Ring Road, Devarabeesanahalli Village, Bengaluru, IN-KA, 560103, IN Apply Before 06/12/2026, 12",on 06,,Full Time,https://jpmc.fa.oraclecloud.com/hcmUI/CandidateExperience/en/sites/CX_1001/job/210747465,"Job responsibilities, Deliver end-to-end software solutions: design, develop, and troubleshoot features with awareness of upstream/downstream dependencies and technical impact., Write secure, high-quality code in at least one language with limited guidance, following engineering standards and best practices., Build and maintain modern web UIs using component-based architecture (pages, layouts, reusable components) with React + TypeScript (or agreed framework)., Translate Figma/UX designs into pixel-accurate, responsive interfaces, ensuring cross-browser compatibility and strong UI/UX fidelity., Implement routing, state management, and backend integration, including REST/GraphQL APIs, client-side data fetching, and leveraging Python and java where applicable for integration/tooling/automation., Ensure quality and operability: accessibility (WCAG/ARIA), performance optimization, unit/integration testing, code reviews, and CI/CD participation., Collaborate and communicate effectively with UX, product, and engineering on requirements, estimation, delivery, and technical decisions across all levels., Adopt the best practices in software engineering, data science and data governance., Maintain consistent code check-ins every sprint to ensure continuous integration and development.","As a Software Engineer III at JPMorgan Chase within the Consumer & Community Banking- Data Technology, you are part of an agile team that works to enhance, design, and deliver the software components of the firm’s state-of-the-art technology products in a secure, stable, and scalable way. As an emerging member of a software engineering team, you execute software solutions through the design, development, and technical troubleshooting of multiple components within a technical product, application, or system, while gaining the skills and experience needed to grow within your role."
jpmorgan,"Associate Relationship Banker - Six Mile Cypress and Daniels - Fort Myers, FL","Associate Relationship Banker - Six Mile Cypress and Daniels - Fort Myers, FL","Consumer & Community Banking Posting Date 06/06/2026, 12","s 6870 Daniels Pkwy, Fort Myers, FL, 33912, US Job Schedule Full time JOB DESCRIPTION At Chase, we are passionate about creating memorable experiences for our clients and employees, making them feel welcomed, valued, and understood",,On-Site,Full Time,https://jpmc.fa.oraclecloud.com/hcmUI/CandidateExperience/en/sites/CX_1001/job/210747613,"1+ year of sales experience in Retail Banking, Financial Services, or other related industries with proven success in establishing new clients, deepening relationships, and delivering results., Ability to create memorable experiences for our clients – elevate the client experience., Excellent communication skills, both in person and over the phone, with proven ability to tailor features and benefits of products and services to clients with differing needs., Ability to quickly and effectively resolve client issues with attention to detail – providing consistent client experience., Operate within established risk parameters/tolerances and meet internal/external risk and compliance obligations, including completion of required training., High school degree, GED, or foreign equivalent., Ability to work branch hours including weekends and some evenings.","Chase is a leading financial services firm, helping nearly half of America’s households and small businesses achieve their financial goals through a broad range of financial products. Our mission is to create engaged, lifelong relationships and put our customers at the heart of everything we do. We also help small businesses, nonprofits and cities grow, delivering solutions to solve all their financial needs."
jpmorgan,"J.P. Morgan Wealth Management – Private Client Advisor - Orem, UT","J.P. Morgan Wealth Management – Private Client Advisor - Orem, UT","Consumer & Community Banking Posting Date 06/06/2026, 04","s 310 N University Ave, Provo, UT, 84601, US Job Schedule Full time JOB DESCRIPTION At J",on 04,On-Site,Full Time,https://jpmc.fa.oraclecloud.com/hcmUI/CandidateExperience/en/sites/CX_1001/job/210747931,"Demonstrate a deep understanding of financial markets and sound business judgement, Exhibit unwavering integrity that points toward doing right by clients at every opportunity, Demonstrate a passion for educating clients on the technology and channels available to them to better monitor, maintain, and handle their investments, Provide a holistic view of clients’ needs and financial coaching beyond investments, Embrace digital innovations to help clients become more digitally confident and bank when, where, and how they want, Required qualifications, capabilities, and skills, At least 2 years in a Financial Advisor role or equivalent financial services experience, Demonstrated success in client acquisition, cultivating and maintaining client relationships, and integrating with key partners, Demonstrated ability and commitment to goals-based planning and advice, A valid and active Series 7","Chase is a leading financial services firm, helping nearly half of America’s households and small businesses achieve their financial goals through a broad range of financial products. Our mission is to create engaged, lifelong relationships and put our customers at the heart of everything we do. We also help small businesses, nonprofits and cities grow, delivering solutions to solve all their financial needs."
jpmorgan,"Sr Director of Software Engineering - AI, LLM, MCP","Sr Director of Software Engineering - AI, LLM, MCP","Asset & Wealth Management Posting Date 06/05/2026, 12","s Ground to Fifth Floor G,H Block, EMBASSYTECH VILLAGE-PARCEL 5 OUTER RING RD DEVERABEESANAHALLI VILLA, Bengaluru, IN-KA, 560103, IN Apply Before 06/30/2026, 12",on 06,,Full Time,https://jpmc.fa.oraclecloud.com/hcmUI/CandidateExperience/en/sites/CX_1001/job/210748088,"Ensure responsible AI practices in production: guardrails, evaluation, monitoring, and auditable workflows., 2) Cross-CTO Collaboration & Engineering Delivery, Partner with App Dev leaders and platform owners to identify high-impact use cases, validate value, and scale production adoption., Translate engineering workflows into AI-enabled production capabilities (assistive to autonomous) that materially reduce developer toil., Drive alignment with ESP/GT/LOB stakeholders on control design, security approvals, platform standards, and rollout approach., 3) Production Strategy & Portfolio Execution, Define and execute the AI4Tech production vision, multi-year strategy, and delivery roadmap aligned to AWM CTO priorities., Establish measurable outcomes and operating mechanisms focused on developer productivity, SDLC quality, and vulnerability reduction., Own production governance: prioritization, investment trade-offs, risk posture, and dependency management across CTO towers., 4) Adoption, Metrics, and Continuous Improvement","If you are seeking a transformative career with one of the world’s leading financial institutions, this is your opportunity."
jpmorgan,Lead Software Engineer (Backend),Lead Software Engineer (Backend),"Corporate Sector Posting Date 06/05/2026, 06","s 200 Capital Dock, 79 Sir John Rogerson",on 05,,Full Time,https://jpmc.fa.oraclecloud.com/hcmUI/CandidateExperience/en/sites/CX_1001/job/210748140,"Hands-on practical experience delivering system design, application development, testing, and operational stability, Advanced in one or more programming language(s), Proficiency in automation and continuous delivery methods, Proficient in all aspects of the Software Development Life Cycle, Advanced understanding of agile methodologies such as CI/CD, Application Resiliency, and Security, Demonstrated proficiency in software applications and technical processes within a technical discipline (e.g., cloud, artificial intelligence, machine learning, mobile, etc.), In-depth knowledge of the financial services industry and their IT systems, Practical cloud native experience",We have an opportunity to impact your career and provide an adventure where you can push the limits of what's possible.
jpmorgan,"Senior Associate, Consumer & Community Banking Finance Data Ecosystem","Senior Associate, Consumer & Community Banking Finance Data Ecosystem","Consumer & Community Banking Posting Date 06/06/2026, 01","s 301 N Walnut St, Wilmington, DE, 19801, US 1111 Polaris Pkwy, Columbus, OH, 43240, US Apply Before 08/31/2026, 12",on 05,On-Site,Full Time,https://jpmc.fa.oraclecloud.com/hcmUI/CandidateExperience/en/sites/CX_1001/job/210748193,"3+ years of experience or equivalent expertise in product management or a relevant domain area., Demonstrated performance in either product management or relevant domain area., Experience executing operational management and change readiness activities., Experience in product deployment processes., Strong command of Agile delivery fundamentals and tools; especially Jira (and ideally Confluence/SharePoint).","Be at the heart of transforming visions into market-ready products, while you navigate through and solve complex challenges. In this dynamic environment, you ensure smooth product delivery and support change initiatives, marking a significant step in your career growth and innovation journey."
jpmorgan,Part Time - Property Administration Document Admin 210690841,Part Time - Property Administration Document Admin 210690841,"Corporate Sector Posting Date 06/06/2026, 02","s 1111 Polaris Pkwy, Columbus, OH, 43240, US Job Schedule Part time JOB DESCRIPTION Join our Global Property Administration team as a part-time Document Admin and play a key role in managing critical documents, supporting business partners, and delivering outstanding client service in a dynamic, detail-oriented environment",,On-Site,Part Time,https://jpmc.fa.oraclecloud.com/hcmUI/CandidateExperience/en/sites/CX_1001/job/210748385,"Associate degree in Business Administration, Accounting, Real Estate, Finance, Economics or equivalent., Basic skills with Microsoft Excel, Word experience, Excellent listening, verbal, written, and interpersonal communication skills, Strong attention to detail and accuracy and excellent analytical and problem solving skills required","Join our Global Property Administration team as a part-time Document Admin and play a key role in managing critical documents, supporting business partners, and delivering outstanding client service in a dynamic, detail-oriented environment."
jpmorgan,U.S. Private Bank – Private Banker – Associate,U.S. Private Bank – Private Banker – Associate,"Asset & Wealth Management Posting Date 06/06/2026, 12","s 875 15th St NW, Washington, DC, 20005, US Job Schedule Full time Job Shift Day Base Pay/Salary Washington,DC",on 11,On-Site,Full Time,https://jpmc.fa.oraclecloud.com/hcmUI/CandidateExperience/en/sites/CX_1001/job/210748675,"Three plus years of work experience in Private Banking or Financial Services, Bachelor’s Degree required; MBA, JD, CFA, or CFP preferred, Series 7, 66 and Insurance licenses required for position; unlicensed candidates considered, but required to obtain licenses within 90 days of start date, Proven sales success and strong business acumen, Strong community presence with an established network, Experience or demonstrated understanding of investments, wealth planning, credit and banking concepts, Focuses on the client experience and works tirelessly on the client’s behalf","We are actively looking for exceptionally talented individuals who are collaborative, confident and motivated to provide a first-class experience to clients within J.P. Morgan’s U.S. Private Bank. If you have an entrepreneurial mindset and are looking to constantly challenge yourself, J.P. Morgan is the place for you. You will be working alongside a team of talented colleagues from other markets, businesses and functions to provide you with the opportunity to take your career to the next level. As a Private Banker, you are responsible for advising families on building, preserving and managing their wealth. You will use your knowledge of investments, financial planning, credit and banking to both advise current clients on all aspects of their balance sheet and generate new client acquisition. You will be part of a local team and supported by an institutional platform that has the resources, specialists and intellectual capital to help you advise clients on achieving their desired goals."
jpmorgan,Business Assistant Associate - Deal Concierge,Business Assistant Associate - Deal Concierge,"Commercial & Investment Bank Posting Date 06/05/2026, 03","s 11th Avenue corner 36th Street Uptown Bonifacio, Taguig City, 1635, PH Job Schedule Full time Job Shift Night JOB DESCRIPTION J",on 06,Hybrid,Full Time,https://jpmc.fa.oraclecloud.com/hcmUI/CandidateExperience/en/sites/CX_1001/job/210748679,"Established experience in executive administrative support or operational management, Exceptional partnership and interpersonal skills for influencing and building relationships, Proactive mindset in adopting emerging AI solutions for process efficiency, ensuring compliance, and risk mitigation in a dynamic business environment., Strong written and verbal communication skills across multiple audiences, Proven project management and leadership capabilities, Ability to make independent decisions and work with minimal supervision, Ability to manage multiple tasks and adapt to changing priorities, Strong control orientation with a focus on compliance, risk mitigation, and a commitment to quality and attention to detail., Proficiency in Microsoft Office Suite and ability to learn new technologies, Self-starter with proactive mindset and ownership of agenda","J.P. Morgan’s Commercial & Investment Bank (CIB) is a global leader across banking, markets, securities services and payments. Corporations, governments and institutions throughout the world entrust us with their business in more than 100 countries. The Commercial & Investment Bank provides strategic advice, raises capital, manages risk and extends liquidity in markets around the world."
jpmorgan,Payments-Cross Currency-Product Solutions Director - Executive Director,Payments-Cross Currency-Product Solutions Director - Executive Director,"Commercial & Investment Bank Posting Date 06/06/2026, 03","s 545 Washington Blvd, Jersey City, NJ, 07310, US Job Schedule Full time Base Pay/Salary Jersey City,NJ",on 04,On-Site,Full Time,https://jpmc.fa.oraclecloud.com/hcmUI/CandidateExperience/en/sites/CX_1001/job/210748882,"10+ years of experience (or equivalent expertise) leading and developing solutions across multiple teams and a cluster of products, Strong knowledge of transaction banking, foreign exchange (FX) payments, cross-border payments, and digital channels, Understanding of corporate workflow, Extensive experience facilitating sales cycle activities and developing and optimizing strategies and processes, Strong product-oriented sales experience and acumen, with excellent client-facing skills, Ability to develop clear sales and marketing strategies and execute against them, Ability to work under direct portfolio growth targets in a competitive environment, Demonstrable experience structuring and handling complex solutions for business problems to meet clients’ needs, Exceptional writing, verbal communication, and client-facing skills, Ability to develop collaborative relationships with key internal partners across sales, product management, client service, and banking partners","Foreign exchange (FX) and global payments are critical to enabling international growth for our payments business. In this role, you will help execute the FX payments growth strategy across North America by partnering with clients and internal teams. You will bring deep product expertise and a consultative approach to originate opportunities, shape solutions, and win new business. You will focus on priority industry sectors, including diversified industrials and non-bank financial institutions. Join a team where your impact is measurable and your work directly supports client expansion across borders."
jpmorgan,"Part Time (20 Hours) Associate Banker, US 380 and FM 423 Branch, Prosper, TX","Part Time (20 Hours) Associate Banker, US 380 and FM 423 Branch, Prosper, TX","Consumer & Community Banking Posting Date 06/06/2026, 03","s 4790 W University Dr, Prosper, TX, 75078, US Apply Before 06/14/2026, 12",on 06,On-Site,Part Time,https://jpmc.fa.oraclecloud.com/hcmUI/CandidateExperience/en/sites/CX_1001/job/210748957,"Ability to put clients first and exceed their expectations – delivering attentive and friendly service, creating a welcoming environment., Ability to build trusted relationships – demonstrating genuine care and concern during interactions with clients., Ability to engage clients – communicating clearly and politely to understand and help, anticipating client needs., Ability to quickly and effectively resolve client issues with attention to detail – providing a consistent client experience., Ability to elevate the client experience – working collaboratively as a team to deliver seamless service with care and sincerity., Ability to quickly and accurately learn products, services, and procedures., Client service experience or comparable experience., High school diploma or GED equivalent.","Chase is a leading financial services firm, helping nearly half of America’s households and small businesses achieve their financial goals through a broad range of financial products. Our mission is to create engaged, lifelong relationships and put our customers at the heart of everything we do. We also help small businesses, nonprofits and cities grow, delivering solutions to solve all their financial needs."
